SAINT-ETIENNE-DU-BOIS,1370
CHEVRY,1170
DIVONNE-LES-BAINS,1220
PERON,1630
VALSERHONE,1200
CULOZ,1350
ST-GENIS-POUILLY,1630
OYONNAX,1100
ST-GERMAIN-DE-JOUX,1130
GEX,1170
AMBERIEU-EN-BUGEY,1500
CESSY,1170
SAULT-BRENAZ,1150
FERNEY-VOLTAIRE,1210
SEGNY,1170
LAGNIEU,1150
LE POIZAT-LALLEYRIAT,1130
BELLEY,1300
ORNEX,1210
DORTAN,1590
PREVESSIN-MOENS,1280
BRENOD,1110
SAINT-JEAN-LE-VIEUX,1640
NANTUA,1130
SAINT-DENIS-EN-BUGEY,1500
THOIRY,1710
BELLIGNAT,1100
PLATEAU D'HAUTEVILLE,1110
LELEX,1410
VESANCY,1170
IZERNORE,1580
ECHENEVEX,1170
VERSONNEX,1210
SAINT-VULBAS,1150
COLLONGES,1550
CHAMPAGNE-EN-VALROMEY,1260
JUJURIEUX,1640
MATAFELON-GRANGES,1580
HAUT-VALROMEY,1260
ARBENT,1100
LOYETTES,1360
MIJOUX,1410
SERGY,1630
FARGES,1550
CROZET,1170
VILLARS-LES-DOMBES,1330
MEXIMIEUX,1800
MONTCEAUX,1090
MONTLUEL,1120
JASSANS-RIOTTIER,1480
BEAUREGARD,1480
DAGNEUX,1120
MIONNAY,1390
VILLIEU-LOYES-MOLLON,1800
CHAUNY,2300
LAON,2000
LA FERE,2800
URCEL,2000
SAINT GOBAIN,2410
TERGNIER,2700
FOLEMBRAY,2670
SAINT QUENTIN,2100
SOISSONS,2200
COURMELLES,2200
VIC SUR AISNE,2290
VILLERS-COTTERETS,2600
LARGNY SUR AUTOMNE,2600
NANTEUIL LA FOSSE,2880
VAILLY-SUR-AISNE,2370
COEUVRES ET VALSERY,2600
BELLEU,2200
CHATEAU THIERRY,2400
FERE EN TARDENOIS,2130
MOULINS,3000
YZEURE,3400
CUSSET,3300
VICHY,3200
SISTERON,4200
RIEZ,4500
ENCHASTRAYES,4400
CHATEAU-ARNOUX-SAINT-AUBAN,4160
DIGNE-LES-BAINS,4000
MONTCLAR,4140
ALLOS,4260
CASTELLANE,4120
JAUSIERS,4850
LE LAUZET UBAYE,4340
SEYNE,4140
SAINTE CROIX DU VERDON,4500
FAUCON-DE-BARCELONNETTE,4400
BARCELONNETTE,4400
GREOUX-LES-BAINS,4800
SAINT-MARTIN-DE-BROMES,4800
PEIPIN,4200
VOLX,4130
FORCALQUIER,4300
SELONNET,4140
MANOSQUE,4100
UVERNET-FOURS,4400
NOYERS-SUR-JABRON,4200
PIERRERUE,4300
ORAISON,4700
L ESCALE,4160
VILLENEUVE,4180
VALENSOLE,4210
VOLONNE,4290
SAINTE-TULLE,4220
SAINT-ETIENNE-LES-ORGUES,4230
DEMANDOLX,4120
BARREME,4330
LARAGNE-MONTEGLIN,5300
SAINT-MICHEL-DE-CHAILLOL,5260
MONTGARDIN,5230
VARS,5560
EMBRUN,5200
SAINT-SAUVEUR 52EME,5200
BRIANCON,5100
ORCIERES,5170
VALLOUISE-PELVOUX,5340
L'ARGENTIERE-LA-BESSEE,5120
GAP,5000
LE DEVOLUY,5250
LA CHAPELLE-EN-VALGAUDEMAR,5800
ABRIES-RISTOLAS,5460
LA SALLE,5240
VEYNES,5400
ANCELLE,5260
LES ORRES,5200
SERRES,5700
RISOUL,5600
CHORGES,5230
PUY SAINT VINCENT,5290
SAINT-BONNET-EN-CHAMPSAUR,5500
NEVACHE,5100
LE MONETIER-LES-BAINS,5220
LA BATIE NEUVE,5230
GUILLESTRE,5600
SAVINES-LE-LAC,5160
MONTGENEVRE,5100
LAYE,5500
PUY-SANIERES,5200
SAINT-CHAFFREY,5330
NICE ,6000
NICE 3EME,6300
NICE 1EME,6100
SAINT-ANDRE DE LA ROCHE,6730
LA TRINITE,6340
FALICON,6950
NICE 2EME,6200
MENTON,6500
ROQUEBRUNE CAP MARTIN,6190
BEAUSOLEIL,6240
LA BRIGUE,6430
SAORGE,6540
TENDE,6430
SOSPEL,6380
CASTELLAR,6500
CASTILLON,6500
GORBIO,6500
MOULINET,6380
BREIL-SUR-ROYA,6540
SAINTE-AGNES,6500
VILLEFRANCHE-SUR-MER,6230
ISOLA,6420
PEONE,6470
VALDEBLORE,6420
BEAULIEU SUR MER,6310
PEILLON,6440
DRAP,6340
L'ESCARENE,6440
CAP-D AIL,6320
VILLARS-SUR-VAR,6710
SAINT-MARTIN-VESUBIE,6450
BENDEJUN,6390
SAINT-ETIENNE-DE-TINEE,6660
SAINT-MARTIN-DU-VAR,6670
CONTES,6390
LA TURBIE,6320
GUILLAUMES,6470
PEILLE,6440
EZE,6360
GILETTE,6830
ROQUEBILLIERE,6450
COLOMARS,6670
SAINT-JEAN-CAP-FERRAT,6230
LEVENS,6670
BEUIL,6470
BERRE-LES-ALPES,6390
TOUDON,6830
BLAUSASC,6440
BELVEDERE,6450
LUCERAM,6440
LANTOSQUE,6450
ASPREMONT,6790
LA BOLLENE-VESUBIE,6450
RIMPLAS,6420
CANTARON,6340
CLANS,6420
LA ROQUETTE SUR VAR,6670
UTELLE,6450
PUGET-THENIERS,6260
LE CANNET,6110
MOUANS-SARTOUX,6370
VALLAURIS,6220
ANTIBES 1EME,6600
ANTIBES 2EME,6160
LA ROQUETTE SUR SIAGNE,6550
MOUGINS,6250
BIOT,6410
CANNES 2EME,6400
CANNES 1EME,6150
MANDELIEU-LA-NAPOULE,6210
GRASSE,6130
PEGOMAS,6580
THEOULE-SUR-MER,6590
CARROS,6510
VENCE,6140
SAINT-CEZAIRE-SUR-SIAGNE,6530
LE BROC,6510
SAINT-VALLIER-DE-THIEY,6460
LA GAUDE,6610
LE BAR-SUR-LOUP,6620
VALBONNE,6560
GREOLIERES,6620
PEYMEINADE,6530
ANDON,6750
CAGNES SUR MER,6800
VILLENEUVE-LOUBET,6270
SAINT LAURENT DU VAR,6700
LA COLLE SUR LOUP,6480
SAINT-PAUL-DE-VENCE,6570
SAINT-JUST-D'ARDECHE,7700
VALS-LES-BAINS,7600
BOURG-SAINT-ANDEOL,7700
GRAVIERES,7140
SALAVAS,7150
AUBENAS,7200
LA-VOULTE-SUR-RHONE,7800
PRIVAS,7000
CHARMES-SUR-RHONE,7800
VALLON PONT D'ARC,7150
LABEGUDE,7200
RUOMS,7120
LANAS,7200
SAINT-SERNIN,7200
SAINT-GEORGES-LES-BAINS,7800
VIVIERS,7220
SAINT-MONTAN,7220
ST JULIEN EN ST ALBAN,7000
SAINT-MARTIN-D' ARDECHE,7700
TOURNON-SUR-RHONE,7300
SAINT-PERAY,7130
GUILHERAND-GRANGES,7500
ANNONAY,7100
SARRAS,7370
FELINES,7340
SAINT-JEAN-DE-MUZOLS,7300
DAVEZIEUX,7430
CHARLEVILLE-MEZIERES,8000
GIVET,8600
SAINT-LAURENT,8090
RETHEL,8300
SEDAN,8200
CARIGNAN,8110
BALAN,8200
BAZEILLES,8140
USTOU,9140
SAVERDUN,9700
FOIX,9000
SAINT-JEAN-DU-FALGA,9100
LUZENAC,9250
AX-LES-THERMES,9110
MIREPOIX,9500
LAVELANET,9300
PAMIERS,9100
DAUMAZAN-SUR-ARIZE,9350
SAINTE SAVINE,10300
ROSIERES PRES TROYES,10430
ROMILLY SUR SEINE,10100
SAINT JULIEN LES VILLAS,10800
SAINT ANDRE LES VERGERS,10120
TROYES,10000
TRAINEL,10400
LA CHAPELLE ST LUC,10600
BAR SUR AUBE,10200
PONTSAINTE MARIE,10150
NOGENT SUR SEINE,10400
LES NOES PRES TROYES,10420
COLOMBE LA FOSSE,10200
DIENVILLE,10500
CARCASSONNE,11000
CASTELNAUDARY,11400
PEXIORA,11150
TREBES,11800
LAVALETTE,11290
LIMOUX,11300
RENNES LES BAINS,11190
FITOU,11510
SIGEAN,11130
PORT-LA-NOUVELLE,11210
GRUISSAN,11430
LEUCATE,11370
NARBONNE,11100
VINASSAN,11110
FLEURY D AUDE,11560
BOUTENAC,11200
PEYRIAC DE MER,11440
BAGES,11100
LEZIGNAN-CORBIERES,11200
SALLES D AUDE,11110
MOUSSAN,11120
COURSAN,11110
LE MONASTERE,12000
MARSEILLE 2EME,13002
MARSEILLE 4EME,13004
MARSEILLE 1ER,13001
MARSEILLE 16EME,13016
MARSEILLE 15EME,13015
MARSEILLE 3EME,13003
MARSEILLE 14EME,13014
MARSEILLE 13EME,13013
MARSEILLE 10EME,13010
MARSEILLE 7EME,13007
MARSEILLE 5EME,13005
MARSEILLE 6EME,13006
MARSEILLE 9EME,13009
AUBAGNE,13400
MARSEILLE 8EME,13008
CARNOUX-EN-PROVENCE,13470
CASSIS,13260
ROQUEVAIRE,13360
LA CIOTAT,13600
LA DESTROUSSE,13112
AURIOL,13390
LA PENNE SUR HUVEAUNE,13821
LA BOUILLADISSE,13720
SAINT SAVOURNIN,13119
ROQUEFORT LA BEDOULE,13830
PEYPIN,13124
GREASQUE,13850
GEMENOS,13420
CUGES LES PINS,13780
MARSEILLE 12EME,13012
PLAN DE CUQUES,13380
MARSEILLE 11EME,13011
ALLAUCH,13190
MIRAMAS,13140
SALON-DE-PROVENCE,13300
AIX EN PROVENCE,13100
ROUSSET,13790
ENSUES-LA-REDONNE,13820
CHATEAUNEUF-LES-MARTIGUES,13220
VITROLLES,13127
MARIGNANE,13700
GIGNAC-LA-NERTHE,13180
EYRAGUES,13630
SAINT-REMY-DE-PROVENCE,13210
ARLES,13200
GRAVESON,13690
EYGUIERES,13430
CHATEAURENARD,13160
CAEN,14000
MERVILLE FRANCEVILLE,14810
GRANDCAMP-MAISY,14450
LISIEUX,14100
HONFLEUR,14600
TROUVILLE-SUR-MER,14360
DIVES-SUR-MER,14160
VILLERS-SUR-MER,14640
DEAUVILLE,14800
HOULGATE,14510
PONT-L EVEQUE,14130
BLONVILLE-SUR-MER,14910
TOURGEVILLE,14800
TOUQUES,14800
BENERVILLE-SUR-MER,14910
DOZULE,14430
EQUEMAUVILLE,14600
SAINT-ARNOULT,14800
RIVIERE-SAINT-SAUVEUR (LA),14600
ANGOULEME,16000
RUELLE-SUR-TOUVRE,16600
SOYAUX,16800
BARBEZIEUX SAINT HILAIRE,16300
L'ISLE D'ESPAGNAC,16340
GOND PONTOUVRE,16160
SAINT-MICHEL,16470
SAINT-XANDRE,17138
LA ROCHELLE,17000
LAGORD,17140
PERIGNY 17EME,17180
CHATELAILLON-PLAGE,17340
AYTRE,17440
CLAVETTE,17220
LOIX,17111
SAINT-MARTIN-DE-RE,17410
COURCON,17170
LES PORTES-EN-RE,17880
PUILBOREAU,17138
DOMPIERRE-SUR-MER,17139
MARANS,17230
ARS-EN-RE,17590
ANGOULINS,17690
ROCHEFORT,17300
TONNAY CHARENTE,17430
FOURAS,17450
SAINTES,17100
SAUJON,17600
SAINT-GEORGES-DE-DIDONNE,17110
MESCHERS-SUR-GIRONDE,17132
BARZAN,17120
ST JEAN D'ANGELY,17400
VIERZON,18100
BOURGES,18000
SAINT-FLORENT-SUR-CHER,18400
MEHUN-SUR-YEVRE,18500
MORTHOMIERS,18570
ALLOUIS,18500
SAINT-AMAND-MONTROND,18200
AUBIGNY-SUR-NERE,18700
TREIGNAC,19260
TULLE,19000
USSEL,19200
BRIVE LA GAILLARDE,19100
USSAC,19270
SAINT-SORNIN-LAVOLPS,19230
MALEMORT,19360
SAINTE FEREOLE,19270
DIJON,21000
SAINT-BRIEUC,22000
ERQUY,22430
LAMBALLE-ARMOR,22400
CHATELAUDREN-PLOUAGAT,22170
LANGUEUX,22360
PLOUFRAGAN,22440
PLOUHA,22580
PAIMPOL,22500
PLENEUF-VAL-ANDRE,22370
SAINT-QUAY-PORTRIEUX,22410
PLERIN,22190
BINIC-ETABLES-SUR-MER,22680
HILLION,22120
TREGUEUX,22950
NOYAL,22400
BEAUSSAIS-SUR-MER,22650
DINAN,22100
SAINT-CAST-LE-GUILDO,22380
FREHEL,22240
TADEN,22100
LANCIEUX,22770
PLANCOET,22130
CAULNES,22350
LANVALLAY,22100
MATIGNON,22550
BROONS,22250
GUINGAMP,22200
PLOUMAGOAR,22970
PERROS-GUIREC,22700
LANNION,22300
TREGUIER,22220
TREVOU-TREGUIGNEC,22660
TREBEURDEN,22560
PLESTIN-LES-GREVES,22310
LOUDEAC,22600
LA SOUTERRAINE,23300
GUERET,23000
PERIGUEUX,24000
TRELISSAC,24750
BOULAZAC ISLE MANOIRE,24750
COULOUNIEIX-CHAMIERS,24660
BERGERAC,24100
PORT-SAINTE-FOY-ET-PONCHAPT,33220
VAL DE LOUYRE ET CAUDEAU,24510
LAMOTHE-MONTRAVEL,24230
TERRASSON LAVILLEDIEU,24120
SARLAT-LA-CANEDA,24200
ROUFFIGNAC-ST-CERNIN-DE-REILHA,24580
CASTELNAUD-LA-CHAPELLE,24250
BESANCON,25000
GENEUILLE,25870
SAINT VIT,25410
BOUSSIERES,25320
MAMIROLLE,25620
ROCHE LEZ BEAUPRE,25220
MISEREY SALINES,25480
BONNAY,25870
DELUZ,25960
LES AUXONS,25870
BAUME LES DAMES,25110
PONTARLIER,25300
GRANGES NARBOZ,25300
JOUGNE,25370
VILLERS LE LAC,25130
MORTEAU,25500
LES HOPITAUX NEUFS,25370
ROCHEJEAN,25370
ORNANS,25290
DOUBS,25300
VALDAHON,25800
LA CLUSE ET MIJOUX,25300
METABIEF,25370
ETALANS,25580
MONTLEBON,25500
MOUTHE,25240
LES FOURGS,25300
CHARQUEMONT,25140
AUDINCOURT,25400
SELONCOURT,25230
HERIMONCOURT,25310
MONTBELIARD,25200
ROMANS-SUR-ISERE,26100
VALENCE,26000
MORAS-EN-VALLOIRE,26210
MONTELIMAR,26200
BOURG-DE-PEAGE,26300
MONTBOUCHER-SUR-JABRON,26740
BOURG LES VALENCE,26500
CHABEUIL,26120
CREST,26400
DONZERE,26290
SAINT-RAMBERT-D ALBON,26140
DIEULEFIT,26220
TULETTE,26790
BEAUVALLON,26800
MIRABEL-AUX-BARONNIES,26110
LORIOL SUR DROME,26270
PIERRELATTE,26700
SAINT-PAUL-TROIS-CHATEAUX,26130
MONTELIER,26120
LIVRON SUR DROME,26250
PORTES LES VALENCE,26800
NYONS,26110
SAUZET,26740
SAINT-DONAT-SUR-L HERBASSE,26260
ANCONE,26200
SAINT-PANTALEON-LES-VIGNES,26770
SAINT-AGNAN-EN-VERCORS,26420
LA ROCHE DE GLUN,26600
MOURS-SAINT-EUSEBE,26540
SAINT VALLIER 26EME,26240
PONT DE L ISERE,26600
MERCUROL-VEAUNES,26600
TAIN L HERMITAGE,26600
BEAUMONT LES VALENCE,26760
MONTSEGUR-SUR-LAUZON,26130
PONSAS,26240
GRAVIGNY,27930
RUGLES,27250
EZY SUR EURE,27530
EVREUX,27000
PACY-SUR-EURE,27120
BUEIL,27730
VERNON,27200
ST MARCEL,27950
CONCHES EN OUCHE,27190
VERNEUIL D'AVRE ET D'ITON,27130
GISORS,27140
LES ANDELYS,27700
LA TRINITE DE REVILLE,27270
BEAUMONT LE ROGER,27170
BERNAY,27300
GAILLON,27600
CHARTRES,28000
GALLARDON,28320
LE COUDRAY,28630
EPERNON,28230
MAINVILLIERS,28300
TOURY,28310
HANCHES,28130
LEVES,28300
GASVILLE OISEME,28300
MAINTENON,28130
LUCE,28110
CHARTAINVILLIERS,28130
ST PREST,28300
GAS,28320
AUNEAU-BLEURY-SAINT-SYMPHORIEN,28700
LUISANT,28600
JOUY,28300
COURVILLE SUR EURE,28190
CHATEAUDUN,28200
ST DENIS-LANNERAY,28200
DREUX,28100
VERNOUILLET 28EME,28500
LORMAYE,28210
NOGENT-LE-ROI,28210
ANET,28260
CHAUDON,28210
ST LUBIN DES JONCHERETS,28350
CHATEAUNEUF EN THYMERAIS,28170
ST REMY SUR AVRE,28380
COULOMBS,28210
NOGENT LE ROTROU,28400
QUIMPER,29000
DOUARNENEZ,29100
QUIMPERLE,29300
CONCARNEAU,29900
PONT-AVEN,29930
CLOHARS CARNOET,29360
BREST,29200
SAINT RENAN,29290
DIRINON,29460
LANDERNEAU,29800
PLOUGASTEL-DAOULAS,29470
CAMARET-SUR-MER,29570
CROZON,29160
SAINT-NIC,29550
MORLAIX,29600
LANDIVISIAU,29400
CARANTEC,29660
SAINT-MARTIN-DES-CHAMPS 29EME,29600
PLOUGASNOU,29630
ROSCOFF,29680
PORTO-VECCHIO,20137
AJACCIO 1ER,20000
PROPRIANO,20110
AJACCIO 2EME,20090
SARTENE,20100
ZONZA,20144
BONIFACIO,20169
GROSSETO-PRUGNA 2EME,20128
LECCI 1ER,20137
ARBELLARA,20110
PIETROSELLA,20166
GROSSETO-PRUGNA 6EME,20166
VICO 1ER,20160
CASAGLIONE,20111
SARROLA-CARCOPINO,20167
ARGIUSTA-MORICCIO,20140
ALBITRECCIA 66EME,20166
SERRA-DI-FERRO,20140
CAURO,20117
PALNECA,20134
APPIETTO,20167
CALCATOGGIO,20111
PIANOTTOLI-CALDARELLO,20131
OTA,20150
BELVEDERE-CAMPOMORO,20110
SOTTA,20146
SARI-SOLENZARA,20145
LECCI,20000
OLMETO,20113
COTI-CHIAVARI,20138
CASALABRIVA,20140
TAVERA,20163
VICO 2EME,20118
QUENZA,20122
BASTELICACCIA,20129
PIANA,20115
COGGIA 18EME,20118
FRASSETO,20157
CUTTOLI-CORTICCHIATO,20167
SANTA-MARIA-SICHE,20190
COGGIA 60EME,20160
ALBITRECCIA 28EME,20128
VIGGIANELLO,20110
AJACCIO 3EME,nan
AREGNO,20220
L'ILE ROUSSE,20220
CERVIONE,20221
OLETTA,20232
LE GRAU DU ROI,30240
AIGUES-MORTES,30220
NIMES 9EME,30900
NIMES,30000
CALVISSON,30420
DURFORT-ET-SAINT-MARTIN-DE-,30170
VAUVERT,30600
CAISSARGUES,30132
MILHAUD,30540
CLARENSAC,30870
BOUILLARGUES,30230
GARONS,30128
SOMMIERES,30250
SAINT ANDRE DE VALBORGNE,30940
GALLARGUES-LE-MONTUEUX,30660
BERNIS,30620
AIGUES-VIVES,30670
SAINT-DIONISY,30980
GARRIGUES SAINTE EULALIE,30190
SAUVE,30610
LA CALMETTE,30190
LASALLE,30460
SAINT-LAURENT-D AIGOUZE,30220
AUBORD,30620
AIMARGUES,30470
RODILHAN,30230
SARDAN,30260
CODOGNAN,30920
ARRIGAS,30770
QUISSAC,30260
SAINT-GENIES-DE-MALGOIRES,30190
CAVEIRAC,30820
LE VIGAN,30120
SUMENE,30440
ST HIPPOLYTE DU FORT,30170
UZES,30700
GENERAC,30510
LAUDUN-L ARDOISE,30290
BELLEGARDE,30127
BEAUCAIRE,30300
VILLENEUVE LES AVIGNON,30400
SAINT-NAZAIRE 30EME,30200
MARGUERITTES,30320
MEYNES,30840
ROCHEFORT-DU-GARD,30650
LES ANGLES 30EME,30133
REMOULINS,30210
POULX,30320
PONT ST ESPRIT,30130
ST GILLES,30800
CASTILLON-DU-GARD,30210
SAINT-HILAIRE-D OZILHAN,30210
SAINT-PAULET-DE-CAISSON,30130
SERNHAC,30210
BAGNOLS SUR CEZE,30200
SAZE,30650
MONTAREN-ET-SAINT-MEDIERS,30700
MONTFRIN,30490
ROQUEMAURE,30150
ALES,30100
PORTES,30530
MOLIERES-SUR-CEZE,30410
BESSEGES,30160
SAINT-FLORENT-SUR-AUZONNET,30960
LA GRAND COMBE,30110
ANDUZE,30140
TOULOUSE 14EME,31400
TOULOUSE 12EME,31200
TOULOUSE 10EME,31000
TOULOUSE 15EME,31500
CASTELGINEST,31780
FONBEAUZARD,31140
BALMA,31130
DREMIL LAFAGE,31280
L UNION,31240
AUCAMVILLE,31140
FENOUILLET,31150
ROUFFIAC TOLOSAN,31180
GAGNAC SUR GARONNE,31150
RAMONVILLE ST AGNE,31520
ST JEAN,31240
LAUNAGUET,31140
FLOURENS,31130
TOULOUSE 13EME,31300
TOURNEFEUILLE,31170
COLOMIERS,31770
TOULOUSE 11EME,31100
BLAGNAC,31700
VILLEMUR SUR TARN,31340
AUSSONNE,31840
CUGNAUX,31270
GRENADE SUR GARONNE,31330
LA SALVETAT ST GILLES,31880
MONDONVILLE,31700
FRONTON,31620
BEAUZELLE,31700
BESSIERES,31660
CASTANET TOLOSAN,31320
VILLEFRANCHE-DE-LAURAGAIS,31290
NAILLOUX,31560
LABEGE,31670
REVEL,31250
ST ORENS DE GAMEVILLE,31650
LANTA,31570
LACROIX FALGARDE,31120
AUZEVILLE-TOLOSANE,31320
ESCALQUENS,31750
MONTASTRUC LA CONSEILLERE,31380
POMPERTUZAT,31450
BAZIEGE,31450
FROUZINS,31270
AUCH,32000
CONDOM,32100
CAZAUBON,32150
GIMONT,32200
L ISLE JOURDAIN,32600
BORDEAUX 32EME,33200
SAINT AUBIN DE MEDOC,33160
PAREMPUYRE,33290
SAINT MEDARD EN JALLES,33160
BORDEAUX 30EME,33000
BORDEAUX 33EME,33300
BRUGES,33520
LACANAU,33680
LE BOUSCAT,33110
LE HAILLAN,33185
EYSINES,33320
LUDON MEDOC,33290
MOULIS-EN-MEDOC,33480
LE TAILLAN MEDOC,33320
CASTELNAU-DE-MEDOC,33480
BLANQUEFORT,33290
MARGAUX CANTENAC,33460
BORDEAUX 38EME,33800
BEGLES,33130
MERIGNAC,33700
GRADIGNAN,33170
TALENCE,33400
PESSAC,33600
VILLENAVE D ORNON,33140
SAINT JEAN D ILLAC,33127
MARTIGNAS SUR JALLE,33127
CANEJAN,33610
CESTAS,33610
CADILLAC,33410
BIGANOS,33380
ARCACHON,33120
CARBON BLANC,33560
CADAUJAC,33140
LA TESTE-DE-BUCH 32EME,33260
GUJAN MESTRAS,33470
CENON,33150
FLOIRAC,33270
TOULENNE,33210
ANDERNOS-LES-BAINS,33510
BORDEAUX 31ER,33100
LORMONT,33310
ARTIGUES-PRES-BORDEAUX,33370
PAILLET,33550
LEGE-CAP-FERRET 7EME,33970
LE TEICH,33470
ST SULPICE ET CAMEYRAC,33450
CREON,33670
SALLES,33770
TRESSES,33370
SAINT GERVAIS,33240
ARES,33740
FARGUES SAINT HILAIRE,33370
LANGON,33210
LEOGNAN,33850
LEGE-CAP-FERRET 5EME,33950
PREIGNAC,33210
ST LOUIS DE MONTFERRAND,33440
LATRESNE,33360
AUDENGE,33980
HAUX,33550
AMBARES-ET-LAGRAVE,33440
ST CAPRAIS DE BORDEAUX,33880
LANTON,33138
BARSAC,33720
LE BARP,33114
BASSENS 33EME,33530
LANGOIRAN,33550
YVRAC,33370
MONTUSSAN,33450
BAZAS,33430
SAINT-ANDRE-DE-CUBZAC,33240
CARIGNAN-DE-BORDEAUX,33360
MIOS,33380
LE TOURNE,33550
MARCHEPRIME,33380
LA TESTE-DE-BUCH 31ER,33115
CASTRES GIRONDE,33640
LESTIAC-SUR-GARONNE,33550
LA BREDE,33650
SAINT LOUBES,33450
SAINTE EULALIE,33560
GRIGNOLS,33690
GENISSAC,33420
LIBOURNE,33500
CASTILLON-LA-BATAILLE,33350
BLAYE,33390
PINEUILH,33220
SAINT-YZAN-DE-SOUDIAC,33920
SAINT-QUENTIN-DE-BARON,33750
SAINT-SAVIN,33920
COUTRAS,33230
ST-SEURIN-SUR-L ISLE,33660
SAINTE-FOY-LA-GRANDE,33220
SAINT-CIERS-SUR-GIRONDE,33820
VAYRES,33870
LA REOLE,33190
SAINT-MACAIRE,33490
SAUVETERRE-DE-GUYENNE,33540
CARCANS,33121
SOULAC-SUR-MER,33780
HOURTIN,33990
SAINT LAURENT MEDOC,33112
LE VERDON SUR MER,33123
LESPARRE-MEDOC,33340
VERTHEUIL,33180
SAINT-VIVIEN-DE-MEDOC,33590
MONTPELLIER 8EME,34080
MONTPELLIER,34000
MONTPELLIER 7EME,34070
MONTPELLIER 9EME,34090
PALAVAS-LES-FLOTS,34250
MAUGUIO,34130
JUVIGNAC,34990
PEROLS,34470
LE CRES,34920
LA GRANDE MOTTE,34280
CASTELNAU LE LEZ,34170
LATTES,34970
SAINT-AUNES,34130
SAINT-JEAN-DE-VEDAS,34430
GRABELS,34790
FRONTIGNAN,34110
SETE,34200
VIC-LA-GARDIOLE,34110
BOUZIGUES,34140
BALARUC LES BAINS,34540
VENDARGUES,34740
GANGES,34190
LUNEL,34400
CLERMONT L HERAULT,34800
SAINT-GELY-DU-FESC,34980
MEZE,34140
SUSSARGUES,34160
MARSILLARGUES,34590
GIGEAN,34770
JACOU,34830
MAS-DE-LONDRES,34380
SAINT CLEMENT DE RIVIERE,34980
CASTRIES,34160
BAILLARGUES,34670
POUSSAN,34560
LAROQUE,34190
MONTBAZIN,34560
PRADES-LE-LEZ,34730
BEAULIEU,34160
BALARUC LE VIEUX,34540
SAINT-SERIES,34400
VILLENEUVE-LES-MAGUELONE,34750
SAINT-BRES,34670
PLAISSAN,34230
LODEVE,34700
SAINT-FELIX-DE-LODEZ,34725
LOUPIAN,34140
CAZILHAC,34190
SAINT PAUL ET VALMALLE,34570
SAINT-ANDRE-DE-SANGONIS,34725
POUZOLS,34230
ASSAS,34820
ENTRE-VIGNES,34400
NEBIAN,34800
SAINT-DREZERY,34160
GIGNAC,34150
MONTPEYROUX 34EME,34150
MONTARNAUD,34570
VALRAS-PLAGE,34350
CESSERAS,34210
BEZIERS,34500
SERIGNAN,34410
AGDE,34300
PEZENAS,34120
MARSEILLAN,34340
BEDARIEUX,34600
VENDRES,34350
VIAS,34450
PUISSERGUIER,34620
CAUX,34720
MONTADY,34310
LAMALOU-LES-BAINS,34240
BOUJAN-SUR-LIBRON,34760
PORTIRAGNES,34420
POMEROLS,34810
PACE,35740
BOURGBARRE,35230
RENNES 2EME,35200
BETTON,35830
CESSON-SEVIGNE,35510
RENNES,35000
NOYAL-CHATILLON-SUR-SEICHE,35230
RENNES 7EME,35700
CHANTEPIE,35135
VEZIN-LE-COQUET,35132
BRUZ,35170
CHARTRES-DE-BRETAGNE,35131
ST JACQUES DE LA LANDE,35136
SAINT-GREGOIRE,35760
VERN-SUR-SEICHE,35770
LA CHAPELLE DES FOUGERETZ,35520
PONT-PEAN,35131
ACIGNE,35690
PARTHENAY-DE-BRETAGNE,35850
ORGERES,35230
MELESSE,35520
CHAVAGNE,35310
IRODOUER,35850
SAINT-AUBIN-D AUBIGNE,35250
BREAL-SOUS-MONTFORT,35310
MORDELLES,35310
MONTAUBAN-DE-BRETAGNE,35360
LIFFRE,35340
CHATEAUGIRON,35410
LE RHEU,35650
BRETEIL,35160
NOUVOITOU,35410
BEDEE,35137
JANZE,35150
THORIGNE-FOUILLARD,35235
SAINT-MEEN-LE-GRAND,35290
MONTFORT-SUR-MEU,35160
L'HERMITAGE,35590
HEDE-BAZOUGES,35630
LA MEZIERE,35520
SAINT-ARMEL,35230
SENS-DE-BRETAGNE,35490
MONTREUIL-SUR-ILLE,35440
GOVEN,35580
REDON,35600
BAIN-DE-BRETAGNE,35470
LA CHAPELLE BOUEXIC,35330
GUICHEN,35580
POLIGNE,35320
BOURG-DES-COMPTES,35890
SAINT-MALO,35400
DINARD,35800
PLEUGUENEUC,35720
SAINT-LUNAIRE,35800
CANCALE,35260
PLEURTUIT,35730
DOL DE BRETAGNE,35120
SAINT-BRIAC-SUR-MER,35800
MINIAC-MORVAN,35540
LA GOUESNIERE,35350
LA RICHARDAIS,35780
SAINT-DOMINEUC,35190
LE TRONCHET,35540
ROZ-SUR-COUESNON,35610
SAINT-MELOIR-DES-ONDES,35350
SAINT-JOUAN-DES-GUERETS,35430
DOMAGNE,35113
LA GUERCHE-DE-BRETAGNE,35130
VITRE,35500
CHATEAUBOURG,35220
RETIERS,35240
VAL-D'IZE,35450
CHATEAUROUX,36000
LA CHATRE,36400
JOUE LES TOURS,37300
TOURS,37000
LA RICHE,37520
TOURS 1ER,37100
MONTLOUIS-SUR-LOIRE,37270
SAINT-PIERRE-DES-CORPS,37700
TOURS 2EME,37200
SAINT AVERTIN,37550
FONDETTES,37230
SAINT CYR SUR LOIRE,37540
NOTRE-DAME-D OE,37390
ROCHECORBON,37210
LA MEMBROLLE-SUR-CHOISILLE,37390
BALLAN MIRE,37510
CHAMBRAY LES TOURS,37170
AMBOISE,37400
RICHELIEU,37120
BOURGUEIL,37140
LOCHES,37600
DESCARTES,37160
GRENOBLE,38000
GRENOBLE 1ER,38100
SAINT-MARTIN-D'HERES,38400
GIERES,38610
LA TRONCHE,38700
MEYLAN,38240
MONTBONNOT-SAINT-MARTIN,38330
ECHIROLLES,38130
SAINT-NAZAIRE-LES-EYMES,38330
BIVIERS,38330
SAINT-ISMIER,38330
EYBENS,38320
POISAT,38320
CORENC,38700
LA TERRASSE,38660
VOIRON,38500
DOMENE,38420
FROGES,38190
PONTCHARRA,38530
VIZILLE,38220
SAINT-EGREVE,38120
FONTANIL-CORNILLON,38120
CRETS EN BELLEDONNE,38830
SAINT-MARTIN-LE-VINOUX,38950
TENCIN,38570
ALLEVARD,38580
VILLARD-BONNOT,38190
LE HAUT-BREDA,38580
SAINT-MARTIN-D'URIAGE,38410
VOREPPE,38340
CHAMROUSSE,38410
LA BUISSE,38500
NOTRE-DAME-DE-MESAGE,38220
SAINT-PIERRE-DE-CHARTREUSE,38380
BRIE-ET-ANGONNES,38320
GONCELIN,38570
VAULNAVEYS-LE-BAS,38410
LES ADRETS,38190
LE VERSOUD,38420
LE CHEYLAS,38570
SAINT-ETIENNE-DE-CROSSEY,38960
CROLLES,38920
GRESSE-EN-VERCORS,38650
HUEZ,38750
LES DEUX ALPES,38860
SASSENAGE,38360
AUTRANS-MEAUDRE EN VERCORS 12EME,38112
SEYSSINET-PARISET,38170
VILLARD-DE-LANS,38250
FONTAINE,38600
VAUJANY,38114
CORRENCON-EN-VERCORS,38250
AUTRANS-MEAUDRE EN VERCORS 80EME,38880
LE PONT-DE-CLAIX,38800
CLAIX,38640
CORPS,38970
LE BOURG-D'OISANS,38520
BESSE,38142
AURIS,38142
LANS-EN-VERCORS,38250
LE GUA,38450
SAINT-CLAIR-DE-LA-TOUR,38110
BOURGOIN-JALLIEU,38300
VILLEFONTAINE,38090
SAINT-JUST-CHALEYSSIN,38540
L'ISLE-D'ABEAU,38080
LA VERPILLIERE,38290
ANTHON,38280
PONT-DE-CHERUY,38230
RIVES,38140
SAINT-ETIENNE-DE-SAINT-GEOIRS,38590
SAINT-MARCELLIN,38160
SAINT-JEAN-DE-MOIRANS,38430
TULLINS,38210
VINAY 38EME,38470
MOIRANS,38430
BEAUCROISSANT,38140
SAINT-GEOIRS,38590
ROYBON,38940
IZEAUX,38140
LES ROUSSES,39220
SAINT-CLAUDE,39200
DOLE,39100
CHAMPAGNOLE,39300
ARBOIS,39600
TAVAUX,39500
HAUTS DE BIENNE,39400
SAMPANS,39100
LONS LE SAUNIER,39000
SEPTMONCEL LES MOLUNES,39310
BOIS-D AMONT,39220
PREMANON,39220
POLIGNY,39800
PERRIGNY,39570
MONTMOROT,39570
OFFLANGES,39290
LAVANS-LES-SAINT-CLAUDE,39170
SALINS LES BAINS,39110
MOIRANS-EN-MONTAGNE,39260
CLAIRVAUX-LES-LACS,39130
BELLEFONTAINE,39400
RAVILLOLES,39170
ST-JULIEN-EN-BORN,40170
DAX,40100
ST-VINCENT-DE-TYROSSE,40230
TOSSE,40230
SAINT-PIERRE-DU-MONT,40280
MOLIETS-ET-MAA,40660
PEYREHORADE,40300
SEIGNOSSE,40510
MONT-DE-MARSAN,40000
TARNOS,40220
SOORTS-HOSSEGOR,40150
ST-GEOURS-MAREMNE,40230
SANGUINET,40460
VIELLE-ST-GIRONS,40560
VIEUX BOUCAU-LES-BAINS,40480
LIT ET MIXE,40170
BISCARROSSE,40600
ST-PAUL-LES-DAX,40990
CAPBRETON,40130
LABENNE,40530
SOUSTONS,40140
ONDRES,40440
MONTGAILLARD,40500
AIRE-SUR-L'ADOUR,40800
ST-MARTIN-DE-SEIGNANX,40390
ANGRESSE,40150
MIMIZAN,40200
HAGETMAU,40700
ORIST,40300
LEON,40550
ST-MARTIN-DE-HINX,40390
BIAS,40170
POYANNE,40380
ST-VINCENT-DE-PAUL,40990
RION-DES-LANDES,40370
TARTAS,40400
AUREILHAN,40200
SAINT-SEVER,40500
PARENTIS EN BORN,40160
BENESSE-MAREMNE,40230
VENDOME,41100
BLOIS,41000
MONTRICHARD VAL DE CHER,41400
MAROLLES,41330
ROMORANTIN-LANTHENAY,41200
VINEUIL,41350
LA CHAUSSEE SAINT VICTOR,41260
VILLEBAROU,41000
SAINT-ETIENNE,42000
SAINT-ETIENNE 10EME,42100
SAINT-JEAN-BONNEFONDS,42650
LA TALAUDIERE,42350
SAINT GENEST LERPT,42530
GENILAC,42800
FIRMINY,42700
SAINT-PAUL-EN-JAREZ,42740
SAINT-CHAMOND,42400
LA RICAMARIE,42150
ROCHE-LA-MOLIERE,42230
LA GRAND-CROIX,42320
SAINT-JOSEPH,42800
SAINT-PRIEST-EN-JAREZ,42270
PELUSSIN,42410
LA FOUILLOUSE,42480
L ETRAT,42580
VILLARS,42390
LORETTE,42420
LE CHAMBON-FEUGEROLLES,42500
FRAISSES,42490
SORBIERS,42290
CHAVANAY,42410
RIVE-DE-GIER,42800
FARNAY,42320
SAINT-PAUL-EN-CORNILLON,42240
UNIEUX,42240
L HORME,42152
SAVIGNEUX,42600
SAINT-MARCELLIN-EN-FOREZ,42680
ANDREZIEUX-BOUTHEON,42160
CHAZELLES SUR LYON,42140
BOEN-SUR-LIGNON,42130
MONTBRISON,42600
VEAUCHE,42340
MONTROND-LES-BAINS,42210
SAINT-JUST-SAINT-RAMBERT,42170
SAINT-GALMIER,42330
FEURS,42110
SAINT-ROMAIN-LE-PUY,42610
SAINT-BONNET-LE-CHATEAU,42380
SOLEYMIEUX,42560
CHALMAZEL-JEANSAGNIERE,42920
PRECIEUX,42600
ROANNE,42300
CHARLIEU,42190
VILLEREST,42300
SAINT-JUST-EN-CHEVALET,42430
RIORGES,42153
NEULISE,42590
LE COTEAU,42120
MABLY,42300
BALBIGNY,42510
PERREUX,42120
BRIENNON,42720
SAINT-HAON-LE-CHATEL,42370
LE PUY EN VELAY,43000
SAINTE-SIGOLENE,43600
SEAUVE-SUR-SEMENE (LA),43140
SAINT-PAL-DE-MONS,43620
LE CHAMBON SUR LIGNON,43400
LANGEAC,43300
ESPALY-SAINT-MARCEL,43000
SAINT-DIDIER-EN-VELAY,43140
BRIVES-CHARENSAC,43700
AUREC-SUR-LOIRE,43110
ARAULES,43200
VIEILLE-BRIOUDE,43100
PONT-SALOMON,43330
BRIOUDE,43100
YSSINGEAUX,43200
BEAUZAC,43590
SAINT JUST MALMONT,43240
NANTES,44000
ST SEBASTIEN SUR LOIRE,44230
NANTES 3EME,44300
NANTES 1ER,44100
NANTES 2EME,44200
ST-HERBLAIN,44800
INDRE,44610
THOUARE-SUR-LOIRE,44470
CHAPELLE-SUR-ERDRE (LA),44240
REZE,44400
BOUGUENAIS,44340
SUCE-SUR-ERDRE,44240
ST-PHILBERT-DE-GRAND-LIEU,44310
BASSE-GOULAINE,44115
TREILLIERES,44119
LIGNE,44850
SORINIERES (LES),44840
AIGREFEUILLE SUR MAINE,44140
CARQUEFOU,44470
MACHECOUL-SAINT-MEME,44270
SAINTE-LUCE-SUR-LOIRE,44980
MOUZEIL,44850
HAIE-FOUASSIERE (LA),44690
ORVAULT,44700
VERTOU,44120
ANCENIS-SAINT-GEREON,44150
MAISDON-SUR-SEVRE,44690
CLISSON,44190
SAINT-JULIEN-DE-CONCELLES,44450
BOUAYE,44830
PONT-SAINT-MARTIN,44860
GRANDCHAMP-DES-FONTAINES,44119
LOROUX-BOTTEREAU (LE),44430
RIAILLE,44440
LOIREAUXENCE,44370
SAUTRON,44880
CHAPELLE-HEULIN (LA),44330
LA BERNERIE EN RETZ,44760
SAINT BREVIN LES PINS,44250
PORNIC,44210
SAINT-MICHEL-CHEF-CHEF,44730
LA PLAINE-SUR-MER,44770
SAINTE PAZANNE,44680
SAINT-PERE-EN-RETZ,44320
LA MONTAGNE,44620
PELLERIN (LE),44640
PAIMBOEUF,44560
PREFAILLES,44770
PORNICHET,44380
SAINT-NAZAIRE,44600
COUERON,44220
BESNE,44160
BLAIN,44130
TRIGNAC,44570
MISSILLAC,44780
MONTOIR-DE-BRETAGNE,44550
SAINT-ETIENNE-DE-MONTLUC,44360
SAVENAY,44260
GUEMENE PENFAO,44290
SAINT-MALO-DE-GUERSAC,44550
SAINTE-REINE-DE-BRETAGNE,44160
LE TEMPLE DE BRETAGNE,44360
SAINT-NICOLAS-DE-REDON,44460
DONGES,44480
CAMPBON,44750
VIGNEUX DE BRETAGNE,44360
LE POULIGUEN,44510
GUERANDE,44350
LA TURBALLE,44420
BATZ-SUR-MER,44740
LA BAULE-ESCOUBLAC,44500
MESQUER,44420
LE CROISIC,44490
SAINT-ANDRE-DES-EAUX,44117
PIRIAC-SUR-MER,44420
SAINT MOLF,44350
NORT SUR ERDRE,44390
CHATEAUBRIANT,44110
ST JEAN DE BRAYE,45800
ORLEANS,45000
OLIVET,45160
LA CHAPELLE ST MESMIN,45380
ST JEAN DE LA RUELLE,45140
SAINT-JEAN-LE-BLANC,45650
ORLEANS 1ER,45100
CHANTEAU,45400
SAINT-HILAIRE-SAINT-MESMIN,45160
FLEURY LES AUBRAIS,45400
INGRE,45140
SEMOY,45400
SAINT-PRYVE-SAINT-MESMIN,45750
SARAN,45770
SAINT-DENIS-EN-VAL,45560
CHECY,45430
BOULAY-LES-BARRES,45140
BEAUGENCY,45190
ARDON,45160
LA FERTE SAINT-AUBIN,45240
NEUVILLE-AUX-BOIS,45170
LAILLY EN VAL,45740
CHATEAUNEUF S LOIRE,45110
JARGEAU,45150
SANDILLON,45640
MEUNG-SUR-LOIRE,45130
PATAY,45310
MONTARGIS,45200
CHALETTE-SUR-LOING,45120
SAINT-HILAIRE-LES-ANDRESIS,45320
AMILLY,45200
CEPOY,45120
PUISEAUX,45390
LE MALESHERBOIS,45330
PITHIVIERS,45300
BEAUNE-LA-ROLANDE,45340
GIEN,45500
SULLY-SUR-LOIRE,45600
BRIARE,45250
CAHORS,46000
LE PASSAGE,47520
AGEN,47000
LAYRAC,47390
LAFOX,47240
CASTELJALOUX,47700
BOE,47550
COLAYRAC ST CIRQ,47450
NERAC,47600
AIGUILLON,47190
MARMANDE,47200
TONNEINS,47400
VILLENEUVE SUR LOT,47300
VILLEREAL,47210
FUMEL,47500
MONFLANQUIN,47150
CASTELNAUD DE GRATECAMBE,47290
MENDE,48000
LANGOGNE,48300
MEYRUEIS,48150
MARVEJOLS,48100
MONT LOZERE ET GOULET,48190
VILLEFORT,48800
PEYRE EN AUBRAC,48130
ANGERS,49000
ANGERS 1ER,49100
LES PONTS DE CE,49130
TIERCE,49125
SAINT-BARTHELEMY-D ANJOU,49124
MURS-ERIGNE,49610
TRELAZE,49800
STE GEMMES SUR LOIRE,49130
CHEFFES,49125
VERRIERES-EN-ANJOU 48EME,49480
VERRIERES-EN-ANJOU 11EME,49112
RIVES-DU-LOIR-EN-ANJOU,49140
BRISSAC LOIRE AUBANCE,49320
AVRILLE,49240
SAINT-GEORGES-SUR-LOIRE,49170
BOUCHEMAINE,49080
MONTREUIL-JUIGNE,49460
CHOLET,49300
CHEMILLE-EN-ANJOU,49120
TREMENTINES,49340
BEAUPREAU-EN-MAUGES 45EME,49450
BEAUPREAU-EN-MAUGES 60EME,49600
LA TESSOUALLE,49280
SAUMUR,49400
FONTEVRAUD L ABBAYE,49590
MAZE-MILON,49630
SEGRE-EN-ANJOU BLEU,49500
AGNEAUX,50180
SAINT-LO,50000
MOON-SUR-ELLE,50680
CARENTAN LES MARAIS,50500
GRANVILLE,50400
AVRANCHES,50300
GRANDPARIGNY,50600
DONVILLE-LES-BAINS,50350
SAINT-HILAIRE-DU-HARCOUET,50600
BRECEY,50370
JULLOUVILLE,50610
PONTORSON,50170
CHERBOURG-EN-COTENTIN 1ER,50100
CHERBOURG-EN-COTENTIN 4EME,50470
CHERBOURG-EN-COTENTIN 11EME,50110
CHERBOURG-EN-COTENTIN 13EME,50130
CHERBOURG-EN-COTENTIN 12EME,50120
COUTANCES,50200
SAINT-GERMAIN-SUR-AY,50430
GAVRAY-SUR-SIENNE,50450
GOUVILLE-SUR-MER,50560
AGON-COUTAINVILLE,50230
PIROU,50770
PERIERS,50190
LESSAY,50430
LA HAYE,50250
BARNEVILLE-CARTERET,50270
SAINT-VAAST-LA-HOUGUE,50550
BAUBIGNY,50270
VALOGNES,50700
PORT-BAIL-SUR-MER,50580
CHALONS EN CHAMPAGNE,51000
SAINT-MEMMIE,51470
SAINTE MENEHOULD,51800
BLACY,51300
VITRY LE FRANCOIS,51300
FRIGNICOURT,51300
EPERNAY,51200
DORMANS,51700
VINAY 51ER,51530
CRAMANT,51530
AVIZE,51190
MAREUIL-LE-PORT,51700
REIMS,51100
TINQUEUX,51430
DIZY,51530
AY-CHAMPAGNE,51160
CORMONTREUIL,51350
SAINT BRICE COURCELLES,51370
CHIGNY-LES-ROSES,51500
SILLERY,51500
BETHENY,51450
BEZANNES,51430
FISMES,51170
WITRY-LES-REIMS,51420
MAGENTA,51530
AVENAY-VAL-D'OR,51160
NOGENT,52800
CHAUMONT,52000
LANGRES,52200
CHATEAU-GONTIER-SUR-MAYENNE,53200
CONGRIER,53800
LAVAL,53000
CHANGE,53810
ST FRAIMBAULT DE PRIERES,53300
MAYENNE,53100
ESSEY LES NANCY,54270
NANCY,54000
VANDOEUVRE LES NANCY,54500
PONT A MOUSSON,54700
SAINT MAX,54130
JARVILLE LA MALGRANGE,54140
MALZEVILLE,54220
VILLERS LES NANCY,54600
CHAMPIGNEULLES,54250
MEREVILLE,54850
PULNOY,54425
MAXEVILLE,54320
LAXOU,54520
FROUARD,54390
BOUXIERES-AUX-DAMES,54136
LANEUVEVILLE-DEVANT-NANCY,54410
CUSTINES,54670
TOMBLAINE,54510
RICHARDMENIL,54630
HEILLECOURT,54180
PONT-SAINT-VINCENT,54550
HAROUE,54740
VARANGEVILLE,54110
SAINT-NICOLAS-DE-PORT,54210
VAL DE BRIEY,54150
LONGWY,54400
TRIEUX,54750
GORCY,54730
HAUCOURT-MOULAINE,54860
JOEUF,54240
JARNY,54800
SAULNES,54650
HOMECOURT,54310
TUCQUEGNIEUX,54640
MONT SAINT MARTIN,54350
REHON,54430
AUBOUE,54580
LONGLAVILLE,54810
THIL,54880
LONGUYON,54260
HERSERANGE,54440
HUSSIGNY GODBRANGE,54590
VILLERUPT,54190
COSNES-ET-ROMAIN,54400
CONS-LA-GRANDVILLE,54870
HATRIZE,54800
VALLEROY,54910
LUNEVILLE,54300
VATHIMENIL,54122
DAMELEVIERES,54360
MONT-SUR-MEURTHE,54360
BLAINVILLE-SUR-L EAU,54360
FOUG,54570
PIERRE-LA-TREICHE,54200
ECROUVES,54200
TOUL,54200
DOMMARTIN-LES-TOUL,54200
VILLEY-SAINT-ETIENNE,54200
DOMGERMAIN,54119
THIAUCOURT-REGNIEVILLE,54470
BELLEVILLE SUR MEUSE,55430
VERDUN,55100
ARZON,56640
SAINT-AVE,56890
VANNES,56000
ARRADON,56610
PLOEREN,56880
PLOUHINEC,56680
GUIDEL,56520
GAVRES,56680
LARMOR-PLAGE,56260
LORIENT,56100
LOCMIQUELIC,56570
INZINZAC-LOCHRIST,56650
PORT-LOUIS,56290
GESTEL,56530
HENNEBONT,56700
PLOEMEUR,56270
LANESTER,56600
RIANTEC,56670
CLEGUER,56620
KERVIGNAC,56700
LANGUIDIC,56440
BRECH,56400
PLOEMEL,56400
AURAY,56400
CARNAC,56340
LOCMARIA,56360
LE PALAIS,56360
SAINT-PIERRE-QUIBERON,56510
QUIBERON,56170
BELZ,56550
LA TRINITE SUR MER,56470
ERDEVEN,56410
LE BONO,56400
ETEL,56410
SAUZON,56360
SAINTE-ANNE-D'AURAY,56400
SAINT-PHILIBERT,56470
PLUVIGNER,56330
PLUNERET,56400
PLOUHARNEL,56340
MALESTROIT,56140
PLOERMEL,56800
PONTIVY,56300
LIGNOL,56160
BAUD,56150
NEVERS,58000
FOURCHAMBAULT,58600
VARENNES-VAUZELLES,58640
IMPHY,58160
COULANGES LES NEVERS,58660
DECIZE,58300
SAINT ELOI,58000
LILLE 8EME,59800
LA MADELEINE,59110
LILLE,59000
MONS EN BAROEUL,59370
LAMBERSART,59130
FACHES THUMESNIL,59155
LILLE 2EME,59260
LILLE 7EME,59777
SAINT-ANDRE 59EME,59350
WAMBRECHIES,59118
RONCHIN,59790
MARQUETTE-LEZ-LILLE,59520
VILLENEUVE-D'ASCQ,59650
FOURNES-EN-WEPPES,59134
CROIX,59170
LYS LEZ LANNOY,59390
VILLENEUVE-D'ASCQ 41ER,59491
ROUBAIX,59100
WATTRELOS,59150
LILLE 1ER,59160
WAVRIN,59136
PHALEMPIN,59133
LESQUIN,59810
LANNOY,59390
ENNETIERES-EN-WEPPES,59320
LOOS,59120
SEQUEDIN,59320
ALLENNES-LES-MARAIS,59251
WATTIGNIES,59139
WASQUEHAL,59290
AVELIN,59710
WILLEMS,59780
HAUBOURDIN,59320
VILLENEUVE-D'ASCQ 3EME,59493
SECLIN,59113
PONT-A-MARCQ,59710
TEMPLEUVE EN PEVELE,59242
CYSOING,59830
HALLENNES-LEZ-HAUBOURDIN,59320
HEM,59510
BERSEE,59235
MOUVAUX,59420
MARCQ EN BAROEUL,59700
RONCQ,59223
TOURCOING,59200
ARMENTIERES,59280
PERENCHIES,59840
HALLUIN,59250
DEULEMONT,59890
NEUVILLE EN FERRAIN,59960
BONDUES,59910
LINSELLES,59126
QUESNOY SUR DEULE,59890
GRANDE-SYNTHE,59760
BAILLEUL,59270
HAZEBROUCK,59190
DOUAI,59500
LAMBRES LEZ DOUAI,59552
SIN LE NOBLE,59450
SOMAIN,59490
FAUMONT,59310
PECQUENCOURT,59146
MAUBEUGE,59600
CAUDRY,59540
CAMBRAI,59400
RAISMES,59590
VALENCIENNES,59300
MARLY,59770
SAINT-AMAND-LES-EAUX,59230
ANZIN,59410
HASNON,59178
TRITH-ST-LEGER,59125
DENAIN,59220
BEAUVAIS,60000
MERU,60110
TRIE CHATEAU,60590
BORNEL,60540
NOAILLES,60430
VALDAMPIERRE,60790
CHAUMONT-EN-VEXIN,60240
LABOISSIERE EN THELLE,60570
ANDEVILLE,60570
GOINCOURT,60000
STE GENEVIEVE,60730
LOCONVILLE,60240
RANTIGNY,60290
CLERMONT,60600
LIANCOURT,60140
FITZ JAMES,60600
LAIGNEVILLE,60290
MOUY,60250
CREVECOEUR LE GRAND,60360
LA RUE ST PIERRE,60510
COMPIEGNE,60200
MARGNY LES COMPIEGNE,60280
CLAIROIX,60280
NOYON,60400
RIBECOURT DRESLINCOURT,60170
LACROIX ST OUEN,60610
VENETTE,60280
LACHELLE,60190
ATTICHY,60350
JAUX,60880
THOUROTTE,60150
LE MEUX,60880
CAMBRONNE LES RIBECOURT,60170
ST VAAST LES MELLO,60660
PONT STE MAXENCE,60700
NOGENT SUR OISE,60180
CIRES LES MELLO,60660
SAINTINES,60410
DIEUDONNE,60530
PRECY SUR OISE,60460
SENLIS,60300
CHANTILLY,60500
GOUVIEUX 27EME,60270
CREIL,60100
NANTEUIL LE HAUDOUIN,60440
VILLERS ST PAUL,60870
LA CHAPELLE EN SERVAL,60520
FLEURINES,60700
VERNEUIL EN HALATTE,60550
MONTATAIRE,60160
CREPY EN VALOIS,60800
ORRY LA VILLE,60560
ST MAXIMIN,60740
AVILLY ST LEONARD,60300
LAMORLAYE,60260
ST LEU D ESSERENT,60340
BETHISY ST MARTIN,60320
VERBERIE,60410
THIVERNY,60160
CHAMBLY,60230
LEVIGNEN,60800
BORAN SUR OISE,60820
BETHISY ST PIERRE,60320
COYE LA FORET,60580
VINEUIL ST FIRMIN,60500
LE PLESSIS BELLEVILLE,60330
MORTEFONTAINE,60128
CRAMOISY,60660
GOUVIEUX 5EME,60500
PEROY LES GOMBRIES,60440
NEUILLY EN THELLE,60530
VER SUR LAUNETTE,60950
GOUVIEUX 26EME,60260
LE MESNIL EN THELLE,60530
PLAILLY,60128
ALENCON,61000
FLERS,61100
BAGNOLES DE L'ORNE NORMANDIE,61140
ARRAS,62000
ACHICOURT,62217
SAINT-NICOLAS,62223
ELEU-DIT-LEAUWETTE,62300
ANZIN-SAINT-AUBIN,62223
BEAURAINS,62217
AVION,62210
SAINTE-CATHERINE,62223
NEUVILLE-ST-VAAST,62580
SAVY-BERLETTE,62690
BIACHE-SAINT-VAAST,62118
BETHUNE,62400
DIVION,62460
HESDIGNEUL-LES-BETHUNE,62196
BEUVRY,62660
ISBERGUES,62330
AIX NOULETTE,62160
HARNES,62440
CARVIN,62220
MONTIGNY EN GOHELLE,62640
WINGLES,62410
LENS,62300
LOOS EN GOHELLE,62750
HENIN-BEAUMONT,62110
WIMEREUX,62930
NEUFCHATEL-HARDELOT,62152
ST MARTIN BOULOGNE,62280
CALAIS,62100
WISSANT,62179
BOULOGNE SUR MER,62200
MARQUISE,62250
BERCK,62600
LE TOUQUET PARIS PLAGE,62520
CUCQ,62780
MERLIMONT,62155
AIRE-SUR-LA-LYS,62120
BLENDECQUES,62575
SAINT OMER,62500
LONGUENESSE,62219
ARQUES,62510
RIOM,63200
CHATELGUYON,63140
PONTGIBAUD,63230
THIERS,63300
ISSOIRE,63500
SAINT-NECTAIRE,63710
BESSE-ET-SAINT-ANASTAISE,63610
MONTPEYROUX 63EME,63114
CHASTREIX,63680
PAU,64000
BILLERE,64140
LONS,64140
BIZANOS,64320
SERRES CASTET,64121
MIOSSENS LANUSSE,64450
JURANCON,64110
IDRON,64320
NAVARRENX,64190
MOURENX,64150
GELOS,64110
SAUVAGNON,64230
MAZEROLLES,64230
ORTHEZ,64300
LESCAR,64230
RONTIGNON,64110
MORLAAS,64160
DENGUIN,64230
LESTELLE BETHARRAM,64800
OLORON SAINTE MARIE,64400
REBENACQ,64260
EAUX BONNES,64440
MOUMOUR,64400
LARUNS,64440
NAY,64800
SEVIGNACQ MEYRACQ,64260
ARETTE,64570
BAYONNE,64100
BIARRITZ,64200
ANGLET,64600
USTARITZ,64480
SAINT-JEAN-DE-LUZ,64500
MAULEON LICHARRE,64130
HENDAYE,64700
LAHONCE,64990
BASSUSSARRY,64200
CIBOURE,64500
HASPARREN,64240
UHART-CIZE,64220
SAINT-PALAIS,64120
LOURDES,65100
ARGELES-GAZOST,65400
CAPVERN,65130
TARBES,65000
CAUTERETS,65110
SAINT-LARY-SOULAN,65170
ARREAU,65240
SAILHAN,65170
CAMPAN,65710
BAGNERES-DE-BIGORRE,65200
BAREGES,65120
ESQUIEZE-SERE,65120
SEMEAC,65600
LUZ-SAINT-SAUVEUR,65120
GERM,65240
ARAGNOUET,65170
ADE,65100
VIELLE-AURE,65170
ARGELES SUR MER,66700
ELNE,66200
CANET EN ROUSSILLON,66140
SAINTE-MARIE-LA-MER,66470
SAINT-CYPRIEN,66750
PERPIGNAN 1ER,66100
PERPIGNAN,66000
TORREILLES,66440
LE BARCARES,66420
CORNEILLA DEL VERCOL,66200
TOULOUGES,66350
ALENYA,66200
LES ANGLES 66EME,66210
BOLQUERE,66210
AMELIE LES BAINS,66110
CERET,66400
FONT-ROMEU ODEILLO-VIA,66120
RIVESALTES,66600
PUYVALADOR,66210
SAINT-PAUL-DE-FENOUILLET,66220
FORMIGUERES,66210
LE BOULOU,66160
ALBIGNY-SUR-SAONE,69250
LYON 2EME,69002
NEUVILLE SUR SAONE,69250
LYON 4EME,69004
LYON 5EME,69005
LYON 9EME,69009
QUINCIEUX,69650
CALUIRE ET CUIRE,69300
LYON 1ER,69001
RILLIEUX-LA-PAPE,69140
FONTAINES SUR SAONE,69270
GENAY,69730
FLEURIEU-SUR-SAONE,69250
COUZON-AU-MONT-D OR,69270
SATHONAY-CAMP,69580
CURIS-AU-MONT-D'OR,69250
CAILLOUX-SUR-FONTAINES,69270
ROCHETAILLEE-SUR-SAONE,69270
SAINT-ROMAIN-AU-MONT-D OR,69270
MONTANAY,69250
SATHONAY-VILLAGE,69580
SAINT-GERMAIN-AU-MONT-D OR,69650
LYON 3EME,69003
LYON 7EME,69007
LYON 6EME,69006
LYON 8EME,69008
MEYZIEU,69330
SAINT-PIERRE-DE-CHANDIEU,69780
VILLEURBANNE,69100
VENISSIEUX,69200
DECINES-CHARPIEU,69150
TERNAY,69360
VAULX EN VELIN,69120
SAINT-PRIEST,69800
MIONS,69780
ST FONS,69190
CHASSIEU,69680
BRON,69500
CORBAS,69960
GENAS,69740
SAINT-BONNET-DE-MURE,69720
SEREZIN-DU-RHONE,69360
FEYZIN,69320
SAINT-LAURENT-DE-MURE,69720
SOLAIZE,69360
SAINT-SYMPHORIEN-D'OZON,69360
TOUSSIEU,69780
SAINT-GENIS-LAVAL,69230
OULLINS,69600
LA MULATIERE,69350
SAINTE FOY LES LYON,69110
SOUCIEU EN JARREST,69510
BRIGNAIS,69530
CONDRIEU,69420
TALUYERS,69440
GRIGNY 69EME,69520
GIVORS,69700
IRIGNY,69540
AMPUIS,69420
SAINT LAURENT D'AGNY,69440
CHARLY,69390
PIERRE BENITE,69310
VERNAISON,69390
SAINTE-COLOMBE,69560
SAINT ROMAIN EN GAL,69560
ECHALAS,69700
MONTAGNY,69700
MORNANT,69440
CHAPONOST,69630
VOURLES,69390
FRANCHEVILLE,69340
COLLONGES-AU-MONT- D OR,69660
ECULLY,69130
DARDILLY,69570
CRAPONNE,69290
TASSIN-LA-DEMI-LUNE,69160
BRINDAS,69126
DUERNE,69850
MARCY-L ETOILE,69280
MARCILLY-D AZERGUES,69380
L ARBRESLE,69210
CHAMPAGNE-AU-MONT-D OR,69410
FLEURIEUX-SUR-L ARBRESLE,69210
GREZIEU-LA-VARENNE,69290
LIMONEST,69760
CHARBONNIERES-LES-BAINS,69260
SAIN-BEL,69210
LENTILLY,69210
CHASSELAY,69380
BRUSSIEU,69690
BULLY,69210
SAINT CYR AU MONT D OR,69450
SAINT GERMAIN NUELLES,69210
COURZIEU,69690
DOMMARTIN,69380
POLLIONNAY,69290
LA TOUR DE SALVAGNY,69890
SAINTE-FOY-L ARGENTIERE,69610
SAINT-DIDIER-AU-MONT-D OR,69370
SAINT SYMPHORIEN SUR COISE,69590
THURINS,69510
SARCEY,69490
VILLEFRANCHE,69400
THIZY LES BOURGS,69240
LOZANNE,69380
LIMAS,69400
ALIX,69380
ARNAS,69400
TARARE,69170
GLEIZE,69400
SAINT GEORGES DE RENEINS,69830
CHARENTAY,69220
ANSE,69480
LAMURE SUR AZERGUES,69870
SAINT-DIDIER-SUR-BEAUJEU,69430
BELLEVILLE-EN-BEAUJOLAIS,69220
SAINT-FORGEUX,69490
AMPLEPUIS,69550
VILLE SUR JARNIOUX,69640
SAINT-JULIEN,69640
LEGNY,69620
VAL D'OINGT,69620
CERCIE,69220
LUCENAY,69480
CHESSY 69EME,69380
MARCY,69480
LUXEUIL-LES-BAINS,70300
HERICOURT,70400
LURE,70200
SAINT-SAUVEUR 70EME,70300
CHALONVILLARS,70400
VILLERSEXEL,70110
CHAGEY,70400
VESOUL,70000
NOIDANS-LES-VESOUL,70000
NAVENNE,70000
RIOZ,70190
PUSEY,70000
ECHENOZ-LA-MELINE,70000
ARC-LES-GRAY,70100
MACON,71000
TOURNUS,71700
CLUNY,71250
MONTCHANIN,71210
SAINT-DESERT,71390
CHALON-SUR-SAONE,71100
GIVRY,71640
SAINT-REMY,71100
MONTCEAU LES MINES,71300
SAINT VALLIER 71ER,71230
CHAGNY,71150
CHAROLLES,71120
PARAY LE MONIAL,71600
CHAUFFAILLES,71170
DIGOIN,71160
AUTUN,71400
LE CREUSOT,71200
BLANZY,71450
SAINT SERNIN DU BOIS,71200
LOUHANS,71500
LE MANS ,72000
RUAUDIN,72230
ALLONNES,72700
LE MANS 1ER,72100
PARIGNE L EVEQUE,72250
MULSANNE,72230
MONTVAL-SUR-LOIR,72500
MONTFORT-LE-GESNOIS,72450
SAINT CALAIS,72120
SAINT MARS D OUTILLE,72220
SABLE SUR SARTHE,72300
NOYEN SUR SARTHE,72430
LA FLECHE,72200
AUBIGNE RACAN,72800
CLERMONT CREANS,72200
LA FERTE BERNARD,72400
CHAMPFLEUR,72610
MAMERS,72600
BEAUMONT SUR SARTHE,72170
AIX LES BAINS,73100
LA PLAGNE TARENTAISE,73210
SAINT-JEOIRE-PRIEURE,73190
LES BELLEVILLE,73440
VAL CENIS,73480
EPIERRE,73220
ALBERTVILLE,73200
VALLOIRE,73450
SAINT FRANCOIS LONGCHAMP,73130
VALMEINIER,73450
LA RAVOIRE,73490
BARBY,73230
VAL-D ISERE,73150
LES ALLUES,73550
CHAMBERY,73000
MONTVALEZAN,73700
TIGNES,73320
MODANE,73500
AUSSOIS,73500
BOURG-SAINT-MAURICE,73700
MOUXY,73100
AIME LA PLAGNE,73210
BASSENS 73EME,73000
HAUTELUCE,73620
COURCHEVEL,73120
SAINT-JEAN-D ARVEY,73230
VILLARD SUR DORON,73270
ENTRELACS,73410
VOGLANS,73420
TRESSERVE,73100
FLUMET,73590
LA MOTTE SERVOLEX,73290
PRALOGNAN-LA-VANOISE,73710
LES AVANCHERS VALMOREL,73260
BARBERAZ,73000
ALBIEZ-MONTROND,73300
GAILLARD,74240
LA BALME DE SILLINGY,74330
ANNECY 6EME,74600
FAVERGES-SEYTHENEX,74210
ANNECY,74000
MANIGOD,74230
ANNECY 96EME,74960
LE GRAND BORNAND,74450
VALLEIRY,74520
VEYRIER-DU-LAC,74290
DOUSSARD,74210
ANNEMASSE,74100
ANNECY 94EME,74940
NEYDENS,74160
ARGONAY,74370
RUMILLY,74150
VETRAZ-MONTHOUX,74100
MONNETIER-MORNEX,74560
COLLONGES-SOUS-SALEVE,74160
VILLE-LA-GRAND,74100
LUCINGES,74380
BONNE,74380
POISY,74330
CHENEX,74520
SAINT-JULIEN-EN-GENEVOIS,74160
LA CLUSAZ,74220
THONES,74230
ANNECY 37EME,74370
ALLONZIER-LA-CAILLE,74350
EPAGNY METZ-TESSY,74330
DUINGT,74410
COPPONEX,74350
ARCHAMPS,74160
GROISY,74570
VIRY,74580
MENTHON-SAINT-BERNARD,74290
CHAMONIX MONT BLANC,74400
VIUZ-EN-SALLAZ,74250
PRAZ SUR ARLY,74120
LA ROCHE SUR FORON,74800
SCIONZIER,74950
COMBLOUX,74920
THYEZ,74300
LES CONTAMINES MONTJOIE,74170
MONT-SAXONNEX,74130
ONNION,74490
SAINT GERVAIS LES BAINS,74170
SALLANCHES,74700
ARACHES LA FRASSE,74300
SERVOZ,74310
TANINGES,74440
LES GETS,74260
MEGEVE,74120
BONNEVILLE,74130
PASSY 1ER,74190
CLUSES,74300
MORILLON,74440
MARIGNIER,74970
SAMOENS,74340
VALLORCINE,74660
DEMI-QUARTIER,74120
CORNIER,74800
LES HOUCHES,74310
PASSY 4EME,74480
LA TOUR,74250
MIEUSSY,74440
AMANCY,74800
VERCHAIX,74440
SAINT-JEOIRE,74490
CORDON,74700
SAINT-PIERRE-EN-FAUCIGNY,74800
CONTAMINE-SUR-ARVE,74130
GLIERES-VAL-DE-BORNE,74130
MARNAZ,74460
EVIAN-LES-BAINS,74500
SAINT-PAUL-EN-CHABLAIS,74500
SAINT-JEAN-D'AULPS,74430
SAINT-ETIENNE-DU-ROUVRAY,76800
ROUEN 1ER,76100
ROUEN,76000
MESNIL-ESNARD (LE),76240
GRAND QUEVILLY (LE),76120
BONSECOURS,76240
PETIT QUEVILLY (LE),76140
PETIT-COURONNE (LE),76650
SOTTEVILLE-LES-ROUEN,76300
CAUDEBEC-LES-ELBEUF,76320
ELBEUF,76500
TOURVILLE-LA-RIVIERE,76410
SAINT PIERRE LES ELBEUF,76320
AMFREVILLE-LA-MIVOIE,76920
MONT-SAINT-AIGNAN,76130
MAROMME,76150
DARNETAL,76160
CANTELEU,76380
BARENTIN,76360
BOIS GUILLAUME,76230
SAINT-LEGER-DU-BOURG-DENIS,76160
DEVILLE-LES-ROUEN,76250
BIHOREL,76420
NOTRE-DAME-DE-BONDEVILLE,76960
VILLERS ECALLES,76360
DIEPPE,76200
ARQUES-LA-BATAILLE,76880
LE TREPORT,76470
EU,76260
DIEPPE 3EME,76370
LE HAVRE 61ER,76610
LE HAVRE 62EME,76620
LE HAVRE,76600
STE ADRESSE,76310
HARFLEUR,76700
MONTIVILLIERS,76290
GRUCHET-LE-VALASSE,76210
SAINT-ROMAIN-DE-COLBOSC,76430
SAINT-LAURENT-DE-BREVEDENT,76700
FECAMP,76400
LANQUETOT,76210
LILLEBONNE,76170
ETRETAT,76790
PORT-JEROME-SUR-SEINE,76330
GONFREVILLE L ORCHER,76700
MANIQUERVILLE,76400
BOLBEC,76210
BREAUTE,76110
FORGES-LES-EAUX,76440
GOURNAY-EN-BRAY,76220
RIVES-EN-SEINE,76490
SAINT-VALERY-EN-CAUX,76460
YVETOT,76190
SAINT-PIERRE-EN-PORT,76540
SAINT MARTIN AUX BUNEAUX,76450
YERVILLE,76760
GREMONVILLE,76970
SERVON,77170
OZOIR LA FERRIERE,77330
MELUN,77000
TOURNAN-EN-BRIE,77220
VAUX-LE-PENIL,77000
LE MEE SUR SEINE,77350
BRIE COMTE ROBERT,77170
CHAMPEAUX,77720
COMBS LA VILLE,77380
LIEUSAINT,77127
SAINT-FARGEAU-PONTHIERRY,77310
LESIGNY,77150
BARBIZON,77630
GRETZ-ARMAINVILLIERS,77220
REAU,77550
SAVIGNY-LE-TEMPLE,77176
NANDY,77176
PRESLES-EN-BRIE,77220
PONTAULT COMBAULT,77340
GUIGNES,77390
CHARTRETTES,77590
DAMMARIE LES LYS,77190
CESSON,77240
GRISY-SUISNES,77166
CHATELET-EN-BRIE (LE),77820
ROCHETTE(LA),77000
MACHAULT,77133
ROISSY-EN-BRIE,77680
PRINGY,77310
SOLERS,77111
MOISSY-CRAMAYEL,77550
MONTEREAU FAULT YONNE,77130
SAINT-PIERRE-LES-NEMOURS,77140
MONTIGNY-SUR-LOING,77690
FONTAINEBLEAU,77300
ANDREZEL,77390
AVON,77210
BOMBON,77720
NEMOURS,77140
SOIGNOLLES-EN-BRIE,77111
HERICY,77850
COUBERT,77170
MORET-LOING-ET-ORVANNE,77250
SAMOIS SUR SEINE,77920
NOISY-SUR-ECOLE,77123
CHEVRY-COSSIGNY,77173
EVRY-GREGY-SUR-YERRE,77166
CHAUMES-EN-BRIE,77390
CHAMPAGNE SUR SEINE,77430
SEINE-PORT,77240
FAVIERES,77220
MORMANT,77720
VOULX,77940
ACHERES-LA-FORET,77760
CHAMPDEUIL,77390
SOUPPES-SUR-LOING,77460
PONTCARRE,77135
SAINT-MAMMES,77670
SAINT-SAUVEUR-SUR-ECOLE,77930
SIVRY-COURTRY,77115
BOIS LE ROI,77590
SAINT-MARTIN-EN-BIERE,77630
REBAIS,77510
FONTENAY-TRESIGNY,77610
COULOMMIERS,77120
QUINCY-VOISINS,77860
JOUY-SUR-MORIN,77320
LA FERTE SOUS JOUARRE,77260
ESBLY,77450
CITRY,77730
CROUY-SUR-OURCQ,77840
MORTCERF,77163
ROZAY-EN-BRIE,77540
MARY-SUR-MARNE,77440
COUILLY-PONT-AUX-DAMES,77860
CRECY LA CHAPELLE,77580
BASSEVELLE,77750
CONDE-SAINTE-LIBIAIRE,77450
FERTE-GAUCHER (LA),77320
VILLENEUVE-SAINT-DENIS,77174
DOUY-LA-RAMEE,77139
SAINT-SIMEON,77169
BEAUTHEIL-SAINTS,77120
VILLIERS-SUR-MORIN,77580
JOUARRE,77640
CANNES-ECLUSE,77130
GENEVRAYE (LA),77690
CLAYE-SOUILLY,77410
MEAUX,77100
SAINT THIBAULT DES VIGNES,77400
TORCY,77200
CHELLES,77500
VILLEPARISIS,77270
LONGPERRIER,77230
BUSSY-SAINT-GEORGES,77600
SERRIS,77700
MONTEVRAIN,77144
NOISIEL,77186
ANNET-SUR-MARNE,77410
POMPONNE,77400
COLLEGIEN,77090
VARREDDES,77910
LAGNY-SUR-MARNE,77400
CHAMPS-SUR-MARNE,77420
EMERAINVILLE,77184
BUSSY-SAINT-MARTIN,77600
SAINT-PATHUS,77178
DAMMARTIN-EN-GOELE,77230
VAIRES SUR MARNE,77360
LOGNES,77185
CHANTELOUP EN BRIE,77600
MAGNY-LE-HONGRE,77700
COUPVRAY,77700
VILLENOY,77124
THORIGNY SUR MARNE,77400
BAILLY-ROMAINVILLIERS,77700
LE PIN,77181
CREGY-LES-MEAUX,77124
CHESSY,77700
VILLENEUVE SOUS DAMMARTIN,77230
BROU-SUR-CHANTEREINE,77177
VILLEVAUDE,77410
FERRIERES-EN-BRIE,77164
MITRY MORY,77290
NANTEUIL-LES-MEAUX,77100
DAMPMART,77400
NANTOUILLET,77230
CHARMENTRAY,77410
TRILPORT,77470
SAINT-MARD,77230
SAINT-SOUPPLETS,77165
OISSERY,77178
OTHIS,77280
JOSSIGNY,77600
COURTRY,77181
CROISSY-BEAUBOURG,77183
TRILBARDOU,77450
GOUVERNES,77400
POINCY,77470
CARNETIN,77400
CHAUCONIN-NEUFMONTIERS,77124
GUERMANTES,77600
CHAMBRY,77910
MESSY,77410
THIEUX,77230
ISLES-LES-VILLENOY,77450
PROVINS,77160
GASTINS,77370
NANGIS,77370
MOUY-SUR-SEINE,77480
ORMES-SUR-VOULZIE (LES),77134
MOUSSEAUX-LES-BRAY,77480
MAISON-ROUGE,77370
VERSAILLES,78000
SAINT-CYR-L ECOLE,78210
BOIS D ARCY,78390
VIROFLAY,78220
MONTIGNY LE BRETONNEUX,78180
VELIZY VILLACOUBLAY,78140
TRAPPES,78190
GUYANCOURT,78280
FONTENAY LE FLEURY,78330
LE CHESNAY-ROCQUENCOURT,78150
JOUY EN JOSAS,78350
BUC,78530
CHATEAUFORT,78117
MARLY-LE-ROI,78160
VESINET (LE),78110
PLAISIR,78370
CLAYES-SOUS-BOIS (LES),78340
MAISONS-LAFFITTE,78600
SARTROUVILLE,78500
LOUVECIENNES,78430
CROISSY SUR SEINE,78290
CARRIERES SUR SEINE,78420
HOUILLES,78800
ETANG-LA-VILLE (L ),78620
CHATOU,78400
VILLEPREUX,78450
PORT-MARLY (LE),78560
MONTESSON,78360
MESNIL-LE-ROI (LE),78600
BOUGIVAL,78380
CELLE-SAINT-CLOUD (LA),78170
NOISY LE ROI,78590
SAINT-NOM-LA-BRETECHE,78860
CHAVENAY,78450
BAILLY,78870
FEUCHEROLLES,78810
CONFLANS SAINTE HONORINE,78700
MAURECOURT,78780
PECQ (LE),78230
ANDRESY,78570
SAINT-GERMAIN-EN-LAYE,78100
ORGEVAL,78630
MAULE,78580
POISSY,78300
TRIEL SUR SEINE,78510
MEULAN-EN-YVELINES,78250
CARRIERES SOUS POISSY,78955
VERNEUIL SUR SEINE,78480
MUREAUX (LES),78130
ACHERES,78260
MAREIL-MARLY,78750
VILLENNES-SUR-SEINE,78670
VERNOUILLET,78540
AUBERGENVILLE,78410
BOUAFLE,78410
CHANTELOUP-LES-VIGNES,78570
MORAINVILLIERS,78630
ECQUEVILLY,78920
SAINT-GERMAIN-EN-LAYE 12EME,78112
VAUX-SUR-SEINE,78740
MEZY-SUR-SEINE,78250
CHAMBOURCY,78240
CRESPIERES,78121
NEZEL,78410
FLINS-SUR-SEINE,78410
EPONE,78680
MANTES-LA-JOLIE,78200
BUCHELAY,78200
MEZIERES-SUR-SEINE,78970
MANTES-LA-VILLE,78711
HOUDAN,78550
FONTENAY-SAINT-PERE,78440
LIMAY,78520
ISSOU,78440
FRENEUSE,78840
MAULETTE,78550
PERDREAUVILLE,78200
BENNECOURT,78270
GARGENVILLE,78440
SEPTEUIL,78790
RICHEBOURG,78550
BONNIERES-SUR-SEINE,78270
LIMETZ-VILLEZ,78270
GUERVILLE,78930
JUZIERS,78820
SAINT-MARTIN-DES-CHAMPS 78EME,78790
MAGNANVILLE,78200
ORVILLIERS,78910
MAUREPAS,78310
ELANCOURT,78990
CERNAY-LA-VILLE,78720
MESNIL-SAINT-DENIS (LE),78320
MAGNY-LES-HAMEAUX,78114
RAMBOUILLET,78120
SAINT-LEGER-EN-YVELINES,78610
ESSARTS-LE-ROI (LES),78690
BEYNES,78650
THOIRY 78EME,78770
JOUARS-PONTCHARTRAIN,78760
GALLUIS,78490
SAINT-GERMAIN-DE-LA-GRANGE,78640
NEAUPHLE-LE-CHATEAU,78640
CHEVREUSE,78460
SAINT-ARNOULT-EN-YVELINES,78730
MAREIL-LE-GUYON,78490
MESNULS (LES),78490
SAINT-REMY-LES-CHEVREUSE,78470
VOISINS-LE-BRETONNEUX,78960
QUEUE-LES-YVELINES (LA),78940
GAZERAN,78125
COIGNIERES,78310
MONTFORT-L AMAURY,78490
BULLION,78830
VILLIERS-SAINT-FREDERIC,78640
PERRAY-EN-YVELINES (LE),78610
TREMBLAY-SUR-MAULDRE (LE),78490
BONNELLES,78830
VERRIERE (LA),78320
ROCHEFORT-EN-YVELINES,78730
DAMPIERRE-EN-YVELINES,78720
PARTHENAY,79200
NIORT,79000
EXIREUIL,79400
CHAURAY,79180
ST MAIXENT L ECOLE,79400
LES FORGES 79EME,79340
BRESSUIRE,79300
FRONTENAY-ROHAN-ROHAN,79270
AMIENS,80000
AMIENS 90EME,80090
LONGUEAU,80330
SAINT-FUSCIEN,80680
AMIENS 80EME,80080
CORBIE,80800
CAMON,80450
PLACHY-BUYON,80160
FORT-MAHON-PLAGE,80120
LE CROTOY,80550
CAYEUX-SUR-MER,80410
DOULLENS,80600
QUEND,80120
FRIVILLE-ESCARBOTIN,80130
MERS-LES-BAINS,80350
AULT,80460
ABBEVILLE,80100
WOIGNARUE,80460
SAINT-VALERY-SUR-SOMME,80230
ROYE,80700
MEHARICOURT,80170
AILLY-SUR-NOYE,80250
ALBERT,80300
PERONNE,80200
ALBI,81000
LISLE-SUR-TARN,81310
SAINT JUERY,81160
CASTRES,81100
MAZAMET,81200
SAINT-SULPICE-LA-POINTE,81370
MOISSAC,82200
MONTAUBAN,82000
LA VILLE DIEU DU TEMPLE,82290
CASTELSARRASIN,82100
BEAUMONT DE LOMAGNE,82500
ST-ETIENNE-DE-TULMONT,82410
MONTECH,82700
MONTBETON,82290
VERDUN-SUR-GARONNE,82600
CAUSSADE,82300
SAINT ANTONIN NOBLE VAL,82140
GRISOLLES,82170
FREJUS,83600
DRAGUIGNAN,83300
GRIMAUD,83310
SAINT RAPHAEL,83700
COGOLIN,83310
SAINT TROPEZ,83990
ROQUEBRUNE-SUR-ARGENS 38EME,83380
LA CROIX VALMER,83420
SAINTE MAXIME,83120
ROQUEBRUNE-SUR-ARGENS 52EME,83520
LE MUY,83490
PUGET-SUR-ARGENS,83480
RAMATUELLE,83350
SAINT RAPHAEL 53EME,83530
CAVALAIRE-SUR-MER,83240
FREJUS 37EME,83370
LES ADRETS DE L ESTEREL,83600
BAGNOLS-EN-FORET,83600
ENTRECASTEAUX,83570
CALLIAN,83440
BRIGNOLES,83170
FAYENCE,83440
SEILLANS,83440
LORGUES,83510
BARJOLS,83670
MONTAUROUX,83440
TOURVES,83170
GAREOULT,83136
BARGEMON,83830
CLAVIERS,83830
LE CANNET DES MAURES,83340
TOURRETTES,83440
GONFARON,83590
LES ARCS,83460
RIANS,83560
ROCBARON,83136
LE LUC,83340
MONTFORT SUR ARGENS,83570
SALERNES,83690
VIDAUBAN,83550
CABASSE,83340
ROUGIERS,83170
MONTFERRAT,83131
TOURTOUR,83690
ST MAXIMIN LA STE BAUME,83470
LA GARDE,83130
LA SEYNE SUR MER,83500
TOULON 2EME,83200
TOULON,83000
SIX-FOURS-LES-PLAGES,83140
LA VALETTE DU VAR,83160
LE PRADET,83220
TOULON 1ER,83100
SAINT-MANDRIER-SUR-MER,83430
LE REVEST LES EAUX,83200
LE LAVANDOU,83980
CARQUEIRANNE,83320
BANDOL,83150
SANARY SUR MER,83110
SOLLIES-PONT,83210
HYERES,83400
LE BEAUSSET,83330
SAINT-CYR-SUR-MER,83270
LA LONDE LES MAURES,83250
LA CADIERE D AZUR,83740
OLLIOULES,83190
BORMES-LES-MIMOSAS,83230
LA FARLEDE,83210
LA CRAU,83260
PUGET-VILLE,83390
CUERS,83390
EVENOS,83330
PIERREFEU-DU-VAR,83390
BELGENTIER,83210
SOLLIES-VILLE,83210
SOLLIES-TOUCAS,83210
CARNOULES,83660
SIGNES,83870
LE CASTELLET,83330
COLLOBRIERES,83610
CARPENTRAS,84200
AVIGNON,84000
MONTEUX,84170
AVIGNON 14EME,84140
BEDOIN,84410
SORGUES,84700
LE PONTET,84130
MORIERES LES AVIGNON,84310
PERNES LES FONTAINES,84210
BEDARRIDES,84370
SARRIANS,84260
VEDENE,84270
COURTHEZON,84350
AUBIGNAN,84810
ENTRAIGUES-SUR-LA-SORGUE,84320
CAROMB,84330
MALEMORT-DU-COMTAT,84570
VILLELAURE,84530
APT,84400
L ISLE SUR LA SORGUE,84800
PERTUIS,84120
LAURIS,84360
CAVAILLON,84300
LE THOR,84250
LA TOUR D AIGUES,84240
SAUMANE-DE-VAUCLUSE,84800
VIENS,84750
SAINT-SATURNIN LES APT,84490
CHATEAUNEUF-DE-GADAGNE,84470
LA BASTIDE DES JOURDANS,84240
MERINDOL,84360
ORANGE,84100
SAINTE-CECILE-LES-VIGNES,84290
BOLLENE,84500
JONQUIERES,84150
VACQUEYRAS,84190
VAISON-LA-ROMAINE,84110
VISAN,84820
BARROUX (LE),84330
MORNAS,84550
MALAUCENE,84340
BEAUMES-DE-VENISE,84190
CHATEAUNEUF-DU-PAPE,84230
SERIGNAN-DU-COMTAT,84830
ROCHE SUR YON (LA),85000
SAINT-PHILBERT-DE-BOUAINE,85660
ESSARTS EN BOCAGE,85140
MONTAIGU-VENDEE,85600
CHANTONNAY,85110
BROUZILS (LES),85260
ROCHESERVIERE,85620
SAINT-FULGENT,85250
HERBIERS (LES),85500
MORTAGNE-SUR-SEVRE,85290
FONTENAY-LE-COMTE,85200
LUCON,85400
AIGUILLON-SUR-MER (L ),85460
LONGEVILLE-SUR-MER,85560
TALMONT-SAINT-HILAIRE,85440
BRETIGNOLLES-SUR-MER,85470
SAINT-HILAIRE-DE-RIEZ,85270
SABLES-D'OLONNE (LES),85100
SABLES-D'OLONNE (LES) 18EME,85180
SAINT-GILLES-CROIX-DE-VIE,85800
FAUTE-SUR-MER (LA),85460
TRANCHE-SUR-MER (LA),85360
JARD-SUR-MER,85520
SABLES-D'OLONNE (LES) 34EME,85340
SAINT-VINCENT-SUR-JARD,85520
VAIRE,85150
LES ACHARDS,85150
CHALLANS,85300
BEAUVOIR-SUR-MER,85230
NOIRMOUTIER-EN-L'ILE,85330
SAINT-JEAN-DE-MONTS,85160
NOTRE-DAME-DE-MONTS,85690
BARBATRE,85630
BARRE-DE-MONTS (LA),85550
POITIERS,86000
CHASSENEUIL-DU-POITOU,86360
MIGNALOUX-BEAUVOIR,86550
FONTAINE-LE-COMTE,86240
BUXEROLLES,86180
CHATELLERAULT,86100
LA ROCHE POSAY,86270
BOURESSE,86410
CHAUVIGNY,86300
ISLE,87170
LIMOGES,87000
LIMOGES 1ER,87100
ST YRIEIX LA PERCHE,87500
ST-LEONARD-DE-NOBLAT,87400
BESSINES-SUR-GARTEMPE,87250
LIMOGES 28EME,87280
COUZEIX,87270
GOLBEY,88190
EPINAL,88000
HADOL,88220
DARNIEULLES,88390
VITTEL,88800
CAPAVENIR VOSGES,88150
DAMAS-ET-BETTEGNEY,88270
CHANTRAINE,88000
DEYVILLERS,88000
LONGCHAMP,88000
CONTREXEVILLE,88140
MIRECOURT,88500
NEUFCHATEAU,88300
CHENIMENIL,88460
PIERREFITTE,88270
LES FORGES 88EME,88390
GIRANCOURT,88390
LIFFOL-LE-GRAND,88350
LAVELINE-DEVANT-BRUYERES,88600
RAMBERVILLERS,88700
JEUXEY,88000
FRAIZE,88230
PLAINFAING,88230
RAON L ETAPE,88110
XONRUPT-LONGEMER,88400
GERARDMER,88400
PAIR-ET-GRANDRUPT,88100
SAINT DIE DES VOSGES,88100
SAINTE-MARGUERITE,88100
SAULCY-SUR-MEURTHE,88580
MOYENMOUTIER,88420
GERBEPAL,88430
LA FORGE,88530
VENTRON,88310
BUSSANG,88540
LA BRESSE,88250
REMIREMONT,88200
RAMONCHAMP,88160
RUPT-SUR-MOSELLE,88360
SAINT-NABORD,88200
LE THILLOT,88160
VAGNEY,88120
SAPOIS,88120
CORNIMONT,88310
ST-ETIENNE-LES-REMIREMONT,88200
POUXEUX,88550
AUXERRE,89000
ST GEORGES SUR BAULCHE,89000
TONNERRE,89700
CHEVANNES,89240
VENOY,89290
MONTREAL,89420
AVALLON,89200
VILLENEUVE SUR YONNE,89500
PARON,89100
ST CLEMENT,89100
SENS,89100
SAVIGNY SUR CLAIRIS,89150
ST VALERIEN,89150
MALAY LE GRAND,89100
THORIGNY-SUR-OREUSE,89260
CHEROY,89690
BELFORT,90000
OFFEMONT,90300
BEAUCOURT,90500
BONDOUFLE,91070
CORBEIL ESSONNES,91100
BOUSSY-SAINT-ANTOINE,91800
BRUNOY,91800
EVRY-COURCOURONNES,91000
ETIOLLES,91450
MENNECY,91540
VILLABE,91100
YERRES,91330
COUDRAY-MONTCEAUX (LE),91830
BALLANCOURT-SUR-ESSONNE,91610
SAINT-PIERRE-DU-PERRAY,91280
DRAVEIL,91210
VARENNES-JARCY,91480
CROSNE,91560
MONTGERON,91230
SOISY-SUR-SEINE,91450
VIGNEUX SUR SEINE,91270
FONTENAY-LE-VICOMTE,91540
SAINT-GERMAIN-LES-CORBEIL,91250
LISSES,91090
SAINTRY-SUR-SEINE,91250
RIS-ORANGIS,91130
VERT LE PETIT,91710
EPINAY-SOUS-SENART,91860
QUINCY-SOUS-SENART,91480
EVRY-COURCOURONNES 80EME,91080
ORMOY,91540
TIGERY,91250
CHAMPCUEIL,91750
VERT LE GRAND,91810
SAVIGNY-SUR-ORGE,91600
ATHIS MONS,91200
JUVISY SUR ORGE,91260
SAINTE-GENEVIEVE-DES-BOIS,91700
LONGJUMEAU,91160
MASSY,91300
MORANGIS,91420
WISSOUS,91320
CHILLY MAZARIN,91380
SAULX-LES-CHARTREUX,91160
BALLAINVILLIERS,91160
VIRY CHATILLON,91170
VILLIERS-SUR-ORGE,91700
MORSANG-SUR-ORGE,91390
GRIGNY,91350
VILLEMOISSON-S-ORGE,91360
PARAY-VIEILLE-POSTE,91550
EPINAY SUR ORGE,91360
CHAMPLAN,91160
FLEURY-MEROGIS,91700
SAINT-MICHEL-SUR-ORGE,91240
MONTLHERY,91310
LINAS,91310
BRETIGNY SUR ORGE,91220
CHEPTAINVILLE,91630
ARPAJON,91290
SAINT-VRAIN,91770
EGLY,91520
LONGPONT-SUR-ORGE,91310
LA NORVILLE,91290
BRUYERES-LE-CHATEL,91680
SAINT-GERMAIN-LES-ARPAJON,91180
OLLAINVILLE,91340
LEUVILLE-SUR-ORGE,91310
LE PLESSIS PATE,91220
LEUDEVILLE,91630
MAROLLES-EN-HUREPOIX,91630
ETAMPES,91150
BOUTIGNY-SUR-ESSONNE,91820
BOISSY-SOUS-SAINT-YON,91790
ORMOY-LA-RIVIERE,91150
ETRECHY,91580
SOISY-SUR-ECOLE,91840
DOURDAN,91410
SACLAS,91690
MILLY-LA-FORET,91490
PUSSAY,91740
ROINVILLE-SOUS-DOURDAN,91410
BAULNE,91590
CORBREUSE,91410
FERTE-ALAIS (LA),91590
CERNY,91590
MORIGNY-CHAMPIGNY,91150
GUIGNEVILLE,91590
LARDY,91510
D   HUISON LONGUEVILLE,91590
BOURAY-SUR-JUINE,91850
COURANCES,91490
BREUILLET,91650
BRIERES-LES-SCELLES,91150
MAISSE,91720
VAL-SAINT-GERMAIN (LE),91530
SAINT-CYR-SOUS-DOURDAN,91410
ITTEVILLE,91760
SAINT-YON,91650
CHAMARANDE,91730
VAYRES-SUR-ESSONNE,91820
BOISSY-LE-CUTTE,91590
VILLENEUVE-SUR-AUVERS,91580
ANGERVILLIERS,91470
ANGERVILLE,91670
MARCOUSSIS,91460
BRIIS-SOUS-FORGES,91640
ORSAY,91400
GIF SUR YVETTE,91190
PALAISEAU,91120
FORGES-LES-BAINS,91470
LES ULIS,91940
BIEVRES,91570
NOZAY,91620
BURES SUR YVETTE,91440
LIMOURS,91470
IGNY,91430
VERRIERES LE BUISSON,91370
VILLE-DU-BOIS (LA),91620
VILLEBON SUR YVETTE,91140
VAUGRIGNEUSE,91640
GOMETZ-LA-VILLE,91400
VILLIERS-LE-BACLE,91190
GOMETZ-LE-CHATEL,91940
VILLEJUST,91140
SAINT-JEAN-DE-BEAUREGARD,91940
SACLAY,91400
PUTEAUX,92800
RUEIL-MALMAISON,92500
SURESNES,92150
NANTERRE,92000
COURBEVOIE,92400
BOIS-COLOMBES,92270
LA GARENNE-COLOMBES,92250
ASNIERES-SUR-SEINE,92600
GENNEVILLIERS,92230
COLOMBES,92700
VILLENEUVE-LA-GARENNE,92390
LEVALLOIS-PERRET,92300
CLICHY,92110
NEUILLY-SUR-SEINE,92200
BOULOGNE-BILLANCOURT,92100
VAUCRESSON,92420
GARCHES,92380
SAINT-CLOUD,92210
MEUDON 36EME,92360
SEVRES,92310
BOULOGNE-BILLANCOURT 75EME,75016
MEUDON,92190
VILLE-D'AVRAY,92410
CHAVILLE,92370
CHATENAY-MALABRY,92290
BOURG-LA-REINE,92340
ISSY-LES-MOULINEAUX,92130
MONTROUGE,92120
FONTENAY-AUX-ROSES,92260
CLAMART,92140
ANTONY,92160
VANVES,92170
SCEAUX,92330
LE PLESSIS-ROBINSON,92350
CHATILLON,92320
BAGNEUX,92220
MALAKOFF,92240
LE PRE-SAINT-GERVAIS,93310
ROMAINVILLE,93230
LES LILAS,93260
BAGNOLET,93170
NOISY-LE-SEC,93130
BOBIGNY,93000
LES PAVILLONS-SOUS-BOIS,93320
DRANCY,93700
BONDY,93140
PANTIN,93500
SAINT-OUEN-SUR-SEINE,93400
AUBERVILLIERS,93300
SAINT-DENIS,93200
LA COURNEUVE,93120
EPINAY SUR SEINE,93800
SAINT-DENIS 21ER,93210
PIERREFITTE-SUR-SEINE,93380
STAINS,93240
LE BOURGET,93350
VILLETANEUSE,93430
L'ILE-SAINT-DENIS,93450
DUGNY,93440
VAUJOURS,93410
TREMBLAY-EN-FRANCE,93290
COUBRON,93470
SEVRAN,93270
CLICHY SOUS BOIS,93390
LIVRY-GARGAN,93190
AULNAY SOUS BOIS,93600
VILLEPINTE,93420
LE BLANC-MESNIL,93150
NEUILLY-SUR-MARNE,93330
NEUILLY-PLAISANCE,93360
GAGNY,93220
NOISY-LE-GRAND,93160
GOURNAY SUR MARNE,93460
LE RAINCY,93340
MONTFERMEIL,93370
MONTREUIL,93100
ROSNY-SOUS-BOIS,93110
VILLEMOMBLE,93250
ST MAURICE,94410
SAINT-MAUR-DES-FOSSES 21ER,94210
SAINT-MAUR-DES-FOSSES,94100
JOINVILLE-LE-PONT,94340
ALFORTVILLE,94140
MAISONS-ALFORT,94700
CHARENTON-LE-PONT,94220
CRETEIL,94000
BONNEUIL-SUR-MARNE,94380
IVRY-SUR-SEINE,94200
CACHAN,94230
LE KREMLIN-BICETRE,94270
VILLEJUIF,94800
FRESNES,94260
CHOISY-LE-ROI,94600
VITRY-SUR-SEINE,94400
THIAIS,94320
L'HAY-LES-ROSES,94240
ORLY,94310
CHEVILLY-LARUE,94550
RUNGIS,94150
GENTILLY,94250
ARCUEIL,94110
VILLENEUVE-SAINT-GEORGES,94190
PERIGNY,94520
BOISSY-SAINT-LEGER,94470
VALENTON,94460
CHENNEVIERES SUR MARNE,94430
LA QUEUE-EN-BRIE,94510
VILLIERS-SUR-MARNE,94350
SUCY-EN-BRIE,94370
LIMEIL-BREVANNES,94450
VILLECRESNES,94440
ABLON-SUR-SEINE,94480
LE PLESSIS-TREVISE,94420
MANDRES-LES-ROSES,94520
VILLENEUVE-LE-ROI,94290
NOISEAU,94880
SANTENY,94440
ORMESSON-SUR-MARNE,94490
MAROLLES-EN-BRIE,94440
NOGENT-SUR-MARNE,94130
VINCENNES,94300
BRY-SUR-MARNE,94360
SAINT-MANDE,94160
FONTENAY-SOUS-BOIS,94120
LE PERREUX-SUR-MARNE,94170
CHAMPIGNY-SUR-MARNE,94500
PONTOISE,95300
MENUCOURT,95180
ERAGNY-SUR-OISE,95610
ST OUEN L AUMONE,95310
NOINTEL,95590
AUVERS-SUR-OISE,95430
L'ISLE-ADAM,95290
CERGY,95000
PIERRELAYE,95480
JOUY-LE-MOUTIER,95280
OSNY,95520
CERGY 8EME,95800
BEAUMONT-SUR-OISE,95260
MERIEL,95630
MERY-SUR-OISE,95540
PARMAIN,95620
CORMEILLES-EN-VEXIN,95830
COURDIMANCHE,95800
MAGNY-EN-VEXIN,95420
VAUREAL,95490
PONTOISE 3EME,95000
CHAMPAGNE SUR-OISE,95660
CHARS,95750
ENNERY,95300
PERSAN,95340
BOISSY-L'AILLERIE,95650
MARINES,95640
VILLIERS-ADAM,95840
VALMONDOIS,95760
LA ROCHE-GUYON,95780
GENAINVILLE,95420
BRUYERES-SUR-OISE,95820
LABBEVILLE,95690
VETHEUIL,95510
GOUSSAINVILLE,95190
BELLOY-EN-FRANCE,95270
GONESSE,95500
DOMONT,95330
ARNOUVILLE,95400
ROISSY-EN-FRANCE,95700
SAINT-BRICE-SOUS-FORET,95350
GARGES-LES-GONESSE,95140
ECOUEN,95440
LE THILLAY,95500
SARCELLES,95200
MONTSOULT,95560
SAINT-WITZ,95470
EZANVILLE,95460
BOUFFEMONT,95570
MAFFLIERS,95560
BAILLET-EN-FRANCE,95560
LOUVRES,95380
FOSSES,95470
VILLIERS-LE-BEL,95400
LUZARCHES,95270
VILLERON,95380
VEMARS,95470
VIARMES,95270
BONNEUIL-EN-FRANCE,95500
SURVILLIERS,95470
MOISSELLES,95570
ASNIERES-SUR-OISE,95270
PUISEUX-EN-FRANCE,95380
FONTENAY-EN-PARISIS,95190
CHAUMONTEL,95270
SEUGY,95270
MONTMORENCY,95160
ERMONT,95120
EAUBONNE,95600
FRANCONVILLE LA GARENNE,95130
PLESSIS-BOUCHARD (LE),95130
FREPILLON,95740
TAVERNY,95150
ENGHIEN LES BAINS,95880
ST LEU LA FORET,95320
ST GRATIEN,95210
DEUIL LA BARRE,95170
BEAUCHAMP,95250
GROSLAY,95410
BESSANCOURT,95550
SAINT-PRIX,95390
MARGENCY,95580
SOISY SS MONTMORENCY,95230
MONTMAGNY,95360
MONTLIGNON,95680
ANDILLY,95580
SANNOIS,95110
HERBLAY-SUR-SEINE,95220
ARGENTEUIL,95100
MONTIGNY LES CORMEILLES,95370
BEZONS,95870
LA FRETTE-SUR-SEINE,95530
CORMEILLES-EN-PARISIS,95240
SAINT MARTIN,97150
SAINTE ANNE,97227
SCHOELCHER,97233
MARIN,97290
FORT DE FRANCE,97200
TROIS ILETS,97229
CASE PILOTE,97222
DUCOS,97224
LE LAMENTIN,97232
DIAMANT,97223
VAUCLIN,97280
SAINT JOSEPH,97212
SAINTE LUCE,97228
FORT DE FRANCE 23EME,97234
FRANCOIS,97240
ROBERT,97231
AJOUPA BOUILLON,97216
TRINITE,97220
GROS MORNE,97213
CAYENNE,97300
REMIRE MONTJOLY,97354
KOUROU,97310
MATOURY,97351
SAINT LAURENT DU MARONI,97320
SAINTE MARIE,97438
SAINT DENIS 17EME,97417
SAINT DENIS,97400
SAINT DENIS 90EME,97490
SAINT-PAUL 60EME,97460
SAINT-PAUL 34EME,97434
SAINT-BENOIT,97470
SAINT-ANDRE 97EME,97440
LA POSSESSION,97419
SAINT PIERRE,97410
SAINT-LEU,97424
PARIS 03,75003
PARIS 01,75001
PARIS 08,75008
PARIS 06,75006
PARIS 07,75007
PARIS 05,75005
PARIS 10,75010
PARIS 09,75009
PARIS 11,75011
PARIS 12,75012
PARIS 13,75013
PARIS 14,75014
PARIS 15,75015
PARIS 16,75016
PARIS 17,75017
PARIS 18,75018
PARIS 20,75020
PARIS 19,75019
PARIS 04,75004
PARIS 02,75002
